10:16:39.402 [main                     ] DEBUG Logger               - Configured Logger
10:16:39.449 [main                     ] DEBUG GameApplication      - Logging settings
Title: Droid Rampage
Version: 1.0
Width: 1920
Height: 1088
Fullscreen: true
Intro: false
Profiling: false
Single step:false
App Mode: DEVELOPER
Menu Key: ESCAPE
Stage Style: DECORATED
Scene Factory: class com.almasb.fxgl.app.scene.SceneFactory

10:16:40.947 [JavaFX Application Thread] DEBUG FXGLApplication      - Initializing FXGL
10:16:40.957 [JavaFX Application Thread] INFO  Engine               - FXGL-17.3 (30.03.2023 11.49) on LINUX (J:26 FX:21.0.6)
10:16:40.958 [JavaFX Application Thread] DEBUG Engine               - JRE Vendor Name: Oracle Corporation
10:16:40.959 [JavaFX Application Thread] DEBUG Engine               - Running on OS: Linux version 6.17.0-29-generic
10:16:40.959 [JavaFX Application Thread] DEBUG Engine               - Architecture: amd64
10:16:40.960 [JavaFX Application Thread] INFO  Engine               - Source code and latest versions at: https://github.com/AlmasB/FXGL
10:16:40.960 [JavaFX Application Thread] INFO  Engine               -       Ask questions and discuss at: https://github.com/AlmasB/FXGL/discussions
10:16:40.961 [JavaFX Application Thread] INFO  Engine               -              Join the FXGL chat at: https://gitter.im/AlmasB/FXGL
10:16:41.320 [JavaFX Application Thread] DEBUG PrimaryStageWindow   - Creating a JavaFX scene
10:16:41.320 [JavaFX Application Thread] DEBUG PrimaryStageWindow   - Target size > screen size
10:16:41.594 [JavaFX Application Thread] DEBUG PrimaryStageWindow   - Target settings size: 1920.0 x 1088.0
10:16:41.594 [JavaFX Application Thread] DEBUG PrimaryStageWindow   - Scaled scene size:    1880.0 x 1079.0
10:16:41.595 [JavaFX Application Thread] DEBUG PrimaryStageWindow   - Scaled ratio: (0.9791666666666666, 0.9917279411764706)
10:16:41.597 [JavaFX Application Thread] DEBUG PrimaryStageWindow   - Set initial scene to FXGLStartupScene
10:16:41.612 [JavaFX Application Thread] DEBUG PrimaryStageWindow   - Opening main window
10:16:41.754 [JavaFX Application Thread] DEBUG PrimaryStageWindow   - Window border size: (0.0, 35.0)
10:16:41.754 [JavaFX Application Thread] DEBUG PrimaryStageWindow   - Scaled size: 1880.0 x 1044.0
10:16:41.755 [JavaFX Application Thread] DEBUG PrimaryStageWindow   - Scaled ratio: (0.9791666666666666, 0.9595588235294118)
10:16:41.755 [JavaFX Application Thread] DEBUG PrimaryStageWindow   - Scene size: 1880.0 x 1079.0
10:16:41.755 [JavaFX Application Thread] DEBUG PrimaryStageWindow   - Stage size: 1880.0 x 1079.0
10:16:41.772 [FXGL Background Thread 1 ] DEBUG Engine               - Initializing environment variables
10:16:41.926 [FXGL Background Thread 1 ] DEBUG FXGLAssetLoaderServi - User app class for loading assets: class at.htl.droidrampage.GameApp
10:16:41.927 [FXGL Background Thread 1 ] DEBUG GameApplicationServi - Applying CSS: fxgl_dark.css
10:16:41.930 [FXGL Background Thread 1 ] DEBUG FXGLAssetLoaderServi - Loading from file system: jar:file:/home/franz/.m2/repository/com/github/almasb/fxgl/17.3/fxgl-17.3.jar!/fxglassets/ui/css/fxgl_dark.css
10:16:42.109 [FXGL Background Thread 1 ] DEBUG GameApplicationServi - Initializing application scenes
10:16:42.252 [FXGL Background Thread 1 ] DEBUG GameWorld            - Game world initialized
10:16:42.390 [FXGL Background Thread 1 ] DEBUG PhysicsWorld         - Physics world initialized: appHeight=1088, physics.ppm=50.0
10:16:42.391 [FXGL Background Thread 1 ] DEBUG PhysicsWorld         - Using strategy: BRUTE_FORCE
10:16:42.404 [FXGL Background Thread 1 ] DEBUG GameScene            - Game scene initialized: 1920x1088
10:16:42.444 [FXGL Background Thread 1 ] DEBUG FXGL.DefaultMenu     - createMenuBodyGameMenu()
10:16:42.515 [FXGL Background Thread 1 ] DEBUG FXGL.DefaultMenu     - createOptionsMenu()
10:16:42.563 [FXGL Background Thread 1 ] DEBUG FXGLAssetLoaderServi - Loading from file system: jar:file:/home/franz/.m2/repository/com/github/almasb/fxgl/17.3/fxgl-17.3.jar!/fxglassets/textures/particles/smoke.png
10:16:42.846 [FXGL Background Thread 1 ] DEBUG FXGLAssetLoaderServi - Loading from file system: jar:file:/home/franz/.m2/repository/com/github/almasb/fxgl/17.3/fxgl-17.3.jar!/fxglassets/textures/particles/trace_horizontal.png
10:16:42.913 [FXGL Background Thread 1 ] DEBUG GameApplicationServi - Application scenes initialized
10:16:42.938 [FXGL Background Thread 1 ] DEBUG SystemBundleService  - Loading FXGL system data
10:16:42.942 [FXGL Background Thread 1 ] DEBUG FileSystemAccess     - Reading from: /home/franz/Documents/Schule/3-Klasse/POS/DroidRampage/system/fxgl.bundle
10:16:42.949 [FXGL Background Thread 1 ] DEBUG SystemBundleService  - Bundle FXGL: {}
10:16:42.950 [FXGL Background Thread 1 ] DEBUG UpdaterService       - Checking for updates
10:16:42.962 [FXGL Background Thread 4 ] DEBUG FXGLApplication      - Loading fonts
10:16:42.963 [FXGL Background Thread 4 ] DEBUG FXGLAssetLoaderServi - Loading from file system: jar:file:/home/franz/.m2/repository/com/github/almasb/fxgl/17.3/fxgl-17.3.jar!/fxglassets/ui/fonts/VarelaRound-Regular.ttf
10:16:42.964 [FXGL Background Thread 1 ] DEBUG FXGLApplication      - Loading default localization
10:16:42.965 [FXGL Background Thread 1 ] DEBUG FXGLAssetLoaderServi - Loading from file system: jar:file:/home/franz/.m2/repository/com/github/almasb/fxgl/17.3/fxgl-17.3.jar!/fxglassets/languages/english.lang
10:16:42.980 [FXGL Background Thread 4 ] DEBUG FXGLAssetLoaderServi - Loading from file system: jar:file:/home/franz/.m2/repository/com/github/almasb/fxgl/17.3/fxgl-17.3.jar!/fxglassets/ui/fonts/Abel-Regular.ttf
10:16:42.985 [FXGL Background Thread 4 ] DEBUG FXGLAssetLoaderServi - Loading from file system: jar:file:/home/franz/.m2/repository/com/github/almasb/fxgl/17.3/fxgl-17.3.jar!/fxglassets/ui/fonts/TerminalLandMono-Regular.otf
10:16:42.991 [FXGL Background Thread 4 ] DEBUG FXGLAssetLoaderServi - Loading from file system: jar:file:/home/franz/.m2/repository/com/github/almasb/fxgl/17.3/fxgl-17.3.jar!/fxglassets/ui/fonts/Courier-Prime.ttf
10:16:43.006 [JavaFX Application Thread] DEBUG FXGLApplication      - Registering font factories with UI factory
10:16:43.021 [FXGL Background Thread 1 ] INFO  FXGLApplication      - FXGL initialization took: 1.248 sec
10:16:43.024 [JavaFX Application Thread] DEBUG FXGLAssetLoaderServi - Loading from file system: jar:file:/home/franz/.m2/repository/com/github/almasb/fxgl/17.3/fxgl-17.3.jar!/fxglassets/textures/fxgl_icon.png
10:16:43.101 [JavaFX Application Thread] DEBUG FXGLAssetLoaderServi - Loading from file system: jar:file:/home/franz/.m2/repository/com/github/almasb/fxgl/17.3/fxgl-17.3.jar!/fxglassets/textures/fxgl_default_cursor.png
10:16:43.132 [JavaFX Application Thread] DEBUG Input                - Registered new binding: Screenshot - CTRL+8
10:16:43.134 [JavaFX Application Thread] DEBUG Input                - Registered new binding: System info dump - CTRL+9
10:16:43.135 [JavaFX Application Thread] DEBUG Input                - Registered new binding: Restart - CTRL+R
10:16:43.137 [JavaFX Application Thread] DEBUG Input                - Registered new binding: Toggle Debug Camera - CTRL+7
10:16:43.147 [JavaFX Application Thread] DEBUG LoopRunner           - Starting loop
10:16:43.148 [JavaFX Application Thread] DEBUG LoopRunner           - Initializing JavaFX AnimationTimerLoop
10:16:43.151 [JavaFX Application Thread] DEBUG GameApplicationServi - Starting new game
10:16:43.153 [JavaFX Application Thread] DEBUG Input                - Clearing active input actions
10:16:43.185 [JavaFX Application Thread] DEBUG GameApplicationServi - Removing overlay from FXGLStartupScene and adding to FXGLLoadingScene
10:16:43.186 [JavaFX Application Thread] DEBUG PrimaryStageWindow   - FXGLStartupScene -> FXGLLoadingScene
10:16:43.186 [JavaFX Application Thread] DEBUG GameApplicationServi - Clearing previous game
10:16:43.186 [JavaFX Application Thread] DEBUG GameScene            - Clearing game scene
10:16:43.186 [JavaFX Application Thread] DEBUG GameWorld            - Clearing game world
10:16:43.186 [JavaFX Application Thread] DEBUG PhysicsWorld         - Clearing physics world
10:16:43.190 [FXGL Background Thread 1 ] DEBUG FXGLApplication      - Initializing game
10:16:43.308 [FXGL Background Thread 1 ] WARN  TMXLevelLoader       - TiledMap generated from 1.8.2. Supported version: 1.9.0. Some features may not be parsed fully.
10:16:43.348 [FXGL Background Thread 1 ] DEBUG TMXLevelLoader       - Parsed TiledMap: file:/home/franz/Documents/Schule/3-Klasse/POS/DroidRampage/target/classes/assets/levels/TileStart.tmx
10:16:43.351 [FXGL Background Thread 1 ] DEBUG TMXLevelLoader       - Creating tile layer entities
10:16:43.360 [FXGL Background Thread 1 ] DEBUG TilesetLoader        - Loading view for layer Kachelebene 1
10:16:43.367 [FXGL Background Thread 1 ] DEBUG TilesetLoader        - Created buffer with size 1920.0x1088.0
10:16:43.620 [FXGL Background Thread 1 ] DEBUG TMXLevelLoader       - Creating object layer entities
10:16:43.695 [FXGL Background Thread 1 ] DEBUG FXGLAssetLoaderServi - Loading from file system: file:/home/franz/Documents/Schule/3-Klasse/POS/DroidRampage/target/classes/assets/textures/credit2.png
10:16:43.861 [FXGL Background Thread 1 ] DEBUG FXGLAssetLoaderServi - Loading from file system: file:/home/franz/Documents/Schule/3-Klasse/POS/DroidRampage/target/classes/assets/textures/credit1.png
10:16:44.019 [FXGL Background Thread 1 ] DEBUG FXGLAssetLoaderServi - Loading from file system: file:/home/franz/Documents/Schule/3-Klasse/POS/DroidRampage/target/classes/assets/textures/credit3.png
10:16:44.190 [FXGL Background Thread 1 ] DEBUG GameWorld            - Clearing removable entities
10:16:44.192 [FXGL Background Thread 1 ] DEBUG GameWorld            - Setting level: com.almasb.fxgl.entity.level.Level@4688fe56
10:16:44.307 [FXGL Background Thread 2 ] INFO  UpdaterService       - Your current version:  17.3
10:16:44.308 [FXGL Background Thread 2 ] INFO  UpdaterService       - Latest stable version: 25
10:16:44.955 [FXGL Background Thread 1 ] DEBUG FXGLAssetLoaderServi - Loading from file system: file:/home/franz/Documents/Schule/3-Klasse/POS/DroidRampage/target/classes/assets/textures/r2d2.png
10:16:44.974 [FXGL Background Thread 1 ] DEBUG Input                - Registered new binding: Move Right - D
10:16:44.975 [FXGL Background Thread 1 ] DEBUG Input                - Registered new binding: Move Left - A
10:16:44.976 [FXGL Background Thread 1 ] DEBUG Input                - Registered new binding: Jump - Space
10:16:44.976 [FXGL Background Thread 1 ] DEBUG Input                - Registered new binding: Toggle Cheat Mode - I
10:16:44.977 [FXGL Background Thread 1 ] DEBUG Input                - Registered new binding: Restart - R
10:16:44.985 [FXGL Background Thread 1 ] INFO  FXGLApplication      - Game initialization took: 1.795 sec
10:16:44.997 [JavaFX Application Thread] DEBUG Input                - Clearing active input actions
10:16:45.018 [JavaFX Application Thread] DEBUG GameApplicationServi - Removing overlay from FXGLLoadingScene and adding to GameScene
10:16:45.018 [JavaFX Application Thread] DEBUG PrimaryStageWindow   - FXGLLoadingScene -> GameScene
10:16:45.043 [JavaFX Application Thread] WARN  TMXLevelLoader       - TiledMap generated from 1.8.2. Supported version: 1.9.0. Some features may not be parsed fully.
10:16:45.067 [JavaFX Application Thread] DEBUG TMXLevelLoader       - Parsed TiledMap: file:/home/franz/Documents/Schule/3-Klasse/POS/DroidRampage/target/classes/assets/levels/Tile6.tmx
10:16:45.067 [JavaFX Application Thread] DEBUG TMXLevelLoader       - Creating tile layer entities
10:16:45.068 [JavaFX Application Thread] DEBUG TilesetLoader        - Loading view for layer Tile Layer 1
10:16:45.075 [JavaFX Application Thread] DEBUG TilesetLoader        - Created buffer with size 1920.0x1088.0
10:16:45.079 [JavaFX Application Thread] WARN  TMXLevelLoader       - Parse error
java.lang.IllegalArgumentException: Tileset for gid=6226 not found
	at com.almasb.fxgl.entity.level.tiled.TilesetLoader.findTileset(TilesetLoader.kt:413)
	at com.almasb.fxgl.entity.level.tiled.TilesetLoader.loadView(TilesetLoader.kt:116)
	at com.almasb.fxgl.entity.level.tiled.TMXLevelLoader$createTileLayerEntities$1.invoke(TMXLevelLoader.kt:100)
	at com.almasb.fxgl.entity.level.tiled.TMXLevelLoader$createTileLayerEntities$1.invoke(TMXLevelLoader.kt:89)
	at com.almasb.fxgl.entity.level.tiled.TMXLevelLoader.createTileLayerEntities$lambda$3(TMXLevelLoader.kt:89)
	at java.base/java.util.stream.ReferencePipeline$3$1.accept(ReferencePipeline.java:214)
	at java.base/java.util.ArrayList$ArrayListSpliterator.forEachRemaining(ArrayList.java:1724)
	at java.base/java.util.stream.AbstractPipeline.copyInto(AbstractPipeline.java:570)
	at java.base/java.util.stream.AbstractPipeline.wrapAndCopyInto(AbstractPipeline.java:560)
	at java.base/java.util.stream.ReduceOps$ReduceOp.evaluateSequential(ReduceOps.java:921)
	at java.base/java.util.stream.AbstractPipeline.evaluate(AbstractPipeline.java:265)
	at java.base/java.util.stream.ReferencePipeline.collect(ReferencePipeline.java:723)
	at com.almasb.fxgl.entity.level.tiled.TMXLevelLoader.createTileLayerEntities(TMXLevelLoader.kt:117)
	at com.almasb.fxgl.entity.level.tiled.TMXLevelLoader.load(TMXLevelLoader.kt:58)
	at com.almasb.fxgl.app.services.FXGLAssetLoaderService.loadLevel(FXGLAssetLoaderService.kt:430)
	at at.htl.droidrampage.GameApp.spawnTiles(GameApp.java:122)
	at at.htl.droidrampage.GameApp.onUpdate(GameApp.java:261)
	at com.almasb.fxgl.app.FXGLApplication$GameApplicationService.onGameUpdate(FXGLApplication.kt:421)
	at com.almasb.fxgl.app.Engine.onGameUpdate(Engine.kt:138)
	at com.almasb.fxgl.app.FXGLApplication.postServicesInit$lambda$7(FXGLApplication.kt:182)
	at com.almasb.fxgl.scene.Scene.update(Scene.kt:113)
	at com.almasb.fxgl.app.MainWindow$update$1.invoke(MainWindow.kt:115)
	at com.almasb.fxgl.app.MainWindow$update$1.invoke(MainWindow.kt:115)
	at com.almasb.fxgl.core.fsm.StateMachine.runOnActiveStates(StateMachine.kt:69)
	at com.almasb.fxgl.app.MainWindow.update(MainWindow.kt:115)
	at com.almasb.fxgl.app.FXGLApplication$GameApplicationService.onUpdate(FXGLApplication.kt:426)
	at com.almasb.fxgl.app.Engine.loop(Engine.kt:134)
	at com.almasb.fxgl.app.Engine.access$loop(Engine.kt:24)
	at com.almasb.fxgl.app.Engine$loop$1.invoke(Engine.kt:28)
	at com.almasb.fxgl.app.Engine$loop$1.invoke(Engine.kt:28)
	at com.almasb.fxgl.app.LoopRunner.frame(LoopRunner.kt:103)
	at com.almasb.fxgl.app.LoopRunner.access$frame(LoopRunner.kt:23)
	at com.almasb.fxgl.app.LoopRunner$impl$2$1.onTick(LoopRunner.kt:57)
	at com.almasb.fxgl.app.AnimationTimerLoop$timer$1.handle(LoopRunner.kt:137)
	at javafx.animation.AnimationTimer$AnimationTimerReceiver.lambda$handle$0(AnimationTimer.java:58)
	at java.base/java.security.AccessController.doPrivileged(AccessController.java:138)
	at javafx.animation.AnimationTimer$AnimationTimerReceiver.handle(AnimationTimer.java:57)
	at com.sun.scenario.animation.AbstractPrimaryTimer.timePulseImpl(AbstractPrimaryTimer.java:356)
	at com.sun.scenario.animation.AbstractPrimaryTimer$MainLoop.run(AbstractPrimaryTimer.java:266)
	at com.sun.javafx.tk.quantum.QuantumToolkit.pulse(QuantumToolkit.java:588)
	at com.sun.javafx.tk.quantum.QuantumToolkit.pulse(QuantumToolkit.java:572)
	at com.sun.javafx.tk.quantum.QuantumToolkit.pulseFromQueue(QuantumToolkit.java:565)
	at com.sun.javafx.tk.quantum.QuantumToolkit.lambda$runToolkit$11(QuantumToolkit.java:352)
	at com.sun.glass.ui.InvokeLaterDispatcher$Future.run(InvokeLaterDispatcher.java:95)
	at com.sun.glass.ui.gtk.GtkApplication._runLoop(Native Method)
	at com.sun.glass.ui.gtk.GtkApplication.lambda$runLoop$10(GtkApplication.java:263)
	at java.base/java.lang.Thread.run(Thread.java:1516)

10:16:45.163 [JavaFX Application Thread] WARN  TMXLevelLoader       - TiledMap generated from 1.8.2. Supported version: 1.9.0. Some features may not be parsed fully.
10:16:45.181 [JavaFX Application Thread] DEBUG TMXLevelLoader       - Parsed TiledMap: file:/home/franz/Documents/Schule/3-Klasse/POS/DroidRampage/target/classes/assets/levels/Tile6.tmx
10:16:45.181 [JavaFX Application Thread] DEBUG TMXLevelLoader       - Creating tile layer entities
10:16:45.182 [JavaFX Application Thread] DEBUG TilesetLoader        - Loading view for layer Tile Layer 1
10:16:45.190 [JavaFX Application Thread] DEBUG TilesetLoader        - Created buffer with size 1920.0x1088.0
10:16:45.193 [JavaFX Application Thread] WARN  TMXLevelLoader       - Parse error
java.lang.IllegalArgumentException: Tileset for gid=6226 not found
	at com.almasb.fxgl.entity.level.tiled.TilesetLoader.findTileset(TilesetLoader.kt:413)
	at com.almasb.fxgl.entity.level.tiled.TilesetLoader.loadView(TilesetLoader.kt:116)
	at com.almasb.fxgl.entity.level.tiled.TMXLevelLoader$createTileLayerEntities$1.invoke(TMXLevelLoader.kt:100)
	at com.almasb.fxgl.entity.level.tiled.TMXLevelLoader$createTileLayerEntities$1.invoke(TMXLevelLoader.kt:89)
	at com.almasb.fxgl.entity.level.tiled.TMXLevelLoader.createTileLayerEntities$lambda$3(TMXLevelLoader.kt:89)
	at java.base/java.util.stream.ReferencePipeline$3$1.accept(ReferencePipeline.java:214)
	at java.base/java.util.ArrayList$ArrayListSpliterator.forEachRemaining(ArrayList.java:1724)
	at java.base/java.util.stream.AbstractPipeline.copyInto(AbstractPipeline.java:570)
	at java.base/java.util.stream.AbstractPipeline.wrapAndCopyInto(AbstractPipeline.java:560)
	at java.base/java.util.stream.ReduceOps$ReduceOp.evaluateSequential(ReduceOps.java:921)
	at java.base/java.util.stream.AbstractPipeline.evaluate(AbstractPipeline.java:265)
	at java.base/java.util.stream.ReferencePipeline.collect(ReferencePipeline.java:723)
	at com.almasb.fxgl.entity.level.tiled.TMXLevelLoader.createTileLayerEntities(TMXLevelLoader.kt:117)
	at com.almasb.fxgl.entity.level.tiled.TMXLevelLoader.load(TMXLevelLoader.kt:58)
	at com.almasb.fxgl.app.services.FXGLAssetLoaderService.loadLevel(FXGLAssetLoaderService.kt:430)
	at at.htl.droidrampage.GameApp.spawnTiles(GameApp.java:122)
	at at.htl.droidrampage.GameApp.onUpdate(GameApp.java:261)
	at com.almasb.fxgl.app.FXGLApplication$GameApplicationService.onGameUpdate(FXGLApplication.kt:421)
	at com.almasb.fxgl.app.Engine.onGameUpdate(Engine.kt:138)
	at com.almasb.fxgl.app.FXGLApplication.postServicesInit$lambda$7(FXGLApplication.kt:182)
	at com.almasb.fxgl.scene.Scene.update(Scene.kt:113)
	at com.almasb.fxgl.app.MainWindow$update$1.invoke(MainWindow.kt:115)
	at com.almasb.fxgl.app.MainWindow$update$1.invoke(MainWindow.kt:115)
	at com.almasb.fxgl.core.fsm.StateMachine.runOnActiveStates(StateMachine.kt:69)
	at com.almasb.fxgl.app.MainWindow.update(MainWindow.kt:115)
	at com.almasb.fxgl.app.FXGLApplication$GameApplicationService.onUpdate(FXGLApplication.kt:426)
	at com.almasb.fxgl.app.Engine.loop(Engine.kt:134)
	at com.almasb.fxgl.app.Engine.access$loop(Engine.kt:24)
	at com.almasb.fxgl.app.Engine$loop$1.invoke(Engine.kt:28)
	at com.almasb.fxgl.app.Engine$loop$1.invoke(Engine.kt:28)
	at com.almasb.fxgl.app.LoopRunner.frame(LoopRunner.kt:103)
	at com.almasb.fxgl.app.LoopRunner.access$frame(LoopRunner.kt:23)
	at com.almasb.fxgl.app.LoopRunner$impl$2$1.onTick(LoopRunner.kt:57)
	at com.almasb.fxgl.app.AnimationTimerLoop$timer$1.handle(LoopRunner.kt:137)
	at javafx.animation.AnimationTimer$AnimationTimerReceiver.lambda$handle$0(AnimationTimer.java:58)
	at java.base/java.security.AccessController.doPrivileged(AccessController.java:138)
	at javafx.animation.AnimationTimer$AnimationTimerReceiver.handle(AnimationTimer.java:57)
	at com.sun.scenario.animation.AbstractPrimaryTimer.timePulseImpl(AbstractPrimaryTimer.java:356)
	at com.sun.scenario.animation.AbstractPrimaryTimer$MainLoop.run(AbstractPrimaryTimer.java:266)
	at com.sun.javafx.tk.quantum.QuantumToolkit.pulse(QuantumToolkit.java:588)
	at com.sun.javafx.tk.quantum.QuantumToolkit.pulse(QuantumToolkit.java:572)
	at com.sun.javafx.tk.quantum.QuantumToolkit.pulseFromQueue(QuantumToolkit.java:565)
	at com.sun.javafx.tk.quantum.QuantumToolkit.lambda$runToolkit$11(QuantumToolkit.java:352)
	at com.sun.glass.ui.InvokeLaterDispatcher$Future.run(InvokeLaterDispatcher.java:95)
	at com.sun.glass.ui.gtk.GtkApplication._runLoop(Native Method)
	at com.sun.glass.ui.gtk.GtkApplication.lambda$runLoop$10(GtkApplication.java:263)
	at java.base/java.lang.Thread.run(Thread.java:1516)

10:16:45.227 [JavaFX Application Thread] WARN  TMXLevelLoader       - TiledMap generated from 1.8.2. Supported version: 1.9.0. Some features may not be parsed fully.
10:16:45.255 [JavaFX Application Thread] DEBUG TMXLevelLoader       - Parsed TiledMap: file:/home/franz/Documents/Schule/3-Klasse/POS/DroidRampage/target/classes/assets/levels/Tile5.tmx
10:16:45.255 [JavaFX Application Thread] DEBUG TMXLevelLoader       - Creating tile layer entities
10:16:45.257 [JavaFX Application Thread] DEBUG TilesetLoader        - Loading view for layer Tile Layer 1
10:16:45.271 [JavaFX Application Thread] DEBUG TilesetLoader        - Created buffer with size 1920.0x1088.0
10:16:45.435 [JavaFX Application Thread] DEBUG TMXLevelLoader       - Creating object layer entities
10:16:45.958 [FXGL Background Thread 3 ] DEBUG Engine               - Logging environment variables
10:16:45.959 [FXGL Background Thread 3 ] DEBUG Engine               - achievements: []
10:16:45.959 [FXGL Background Thread 3 ] DEBUG Engine               - actualHeight: 1044.0
10:16:45.960 [FXGL Background Thread 3 ] DEBUG Engine               - actualHeightProperty: ReadOnlyDoubleProperty [value: 1005.0]
10:16:45.960 [FXGL Background Thread 3 ] DEBUG Engine               - actualWidth: 1880.0
10:16:45.960 [FXGL Background Thread 3 ] DEBUG Engine               - actualWidthProperty: ReadOnlyDoubleProperty [value: 1920.0]
10:16:45.960 [FXGL Background Thread 3 ] DEBUG Engine               - appIcon: fxgl_icon.png
10:16:45.960 [FXGL Background Thread 3 ] DEBUG Engine               - applicationMode: DEVELOPER
10:16:45.961 [FXGL Background Thread 3 ] DEBUG Engine               - cSSList: [fxgl_dark.css]
10:16:45.961 [FXGL Background Thread 3 ] DEBUG Engine               - collisionDetectionStrategy: BRUTE_FORCE
10:16:45.961 [FXGL Background Thread 3 ] DEBUG Engine               - configClass: Optional.empty
10:16:45.961 [FXGL Background Thread 3 ] DEBUG Engine               - credits: []
10:16:45.962 [FXGL Background Thread 3 ] DEBUG Engine               - defaultCursor: CursorInfo(imageName=fxgl_default_cursor.png, hotspotX=7.0, hotspotY=6.0)
10:16:45.963 [FXGL Background Thread 3 ] DEBUG Engine               - devBBoxColorProperty: ObjectProperty [value: 0xff0000ff]
10:16:45.963 [FXGL Background Thread 3 ] DEBUG Engine               - devEnableDebugCameraProperty: BooleanProperty [value: false]
10:16:45.964 [FXGL Background Thread 3 ] DEBUG Engine               - devSensorColorProperty: ObjectProperty [value: 0xffff00ff]
10:16:45.964 [FXGL Background Thread 3 ] DEBUG Engine               - devShowBBoxProperty: BooleanProperty [value: false]
10:16:45.964 [FXGL Background Thread 3 ] DEBUG Engine               - devShowPositionProperty: BooleanProperty [value: false]
10:16:45.964 [FXGL Background Thread 3 ] DEBUG Engine               - enabledMenuItems: []
10:16:45.965 [FXGL Background Thread 3 ] DEBUG Engine               - engineServices: [class com.almasb.fxgl.app.services.FXGLAssetLoaderService, class com.almasb.fxgl.app.FXGLApplication$GameApplicationService, class com.almasb.fxgl.app.services.FXGLDialogService, class com.almasb.fxgl.app.services.IOTaskExecutorService, class com.almasb.fxgl.io.FileSystemService, class com.almasb.fxgl.localization.LocalizationService, class com.almasb.fxgl.app.services.SystemBundleService, class com.almasb.fxgl.profile.SaveLoadService, class com.almasb.fxgl.ui.FXGLUIFactoryServiceProvider, class com.almasb.fxgl.ui.FXGLDialogFactoryServiceProvider, class com.almasb.fxgl.audio.AudioPlayer, class com.almasb.fxgl.notification.impl.NotificationServiceProvider, class com.almasb.fxgl.achievement.AchievementService, class com.almasb.fxgl.cutscene.CutsceneService, class com.almasb.fxgl.minigames.MiniGameService, class com.almasb.fxgl.net.NetService, class com.almasb.fxgl.app.services.UpdaterService, class com.almasb.fxgl.dev.DevService]
10:16:45.965 [FXGL Background Thread 3 ] DEBUG Engine               - fontGame: Abel-Regular.ttf
10:16:45.965 [FXGL Background Thread 3 ] DEBUG Engine               - fontMono: TerminalLandMono-Regular.otf
10:16:45.965 [FXGL Background Thread 3 ] DEBUG Engine               - fontSizeScaleUI: 1.0
10:16:45.966 [FXGL Background Thread 3 ] DEBUG Engine               - fontText: Courier-Prime.ttf
10:16:45.966 [FXGL Background Thread 3 ] DEBUG Engine               - fontUI: VarelaRound-Regular.ttf
10:16:45.966 [FXGL Background Thread 3 ] DEBUG Engine               - fullScreen: BooleanProperty [value: false]
10:16:45.966 [FXGL Background Thread 3 ] DEBUG Engine               - gameDifficulty: MEDIUM
10:16:45.966 [FXGL Background Thread 3 ] DEBUG Engine               - gameDifficultyProperty: ObjectProperty [value: MEDIUM]
10:16:45.966 [FXGL Background Thread 3 ] DEBUG Engine               - globalMusicVolume: 0.5
10:16:45.967 [FXGL Background Thread 3 ] DEBUG Engine               - globalMusicVolumeProperty: DoubleProperty [value: 0.5]
10:16:45.967 [FXGL Background Thread 3 ] DEBUG Engine               - globalSoundVolume: 0.5
10:16:45.967 [FXGL Background Thread 3 ] DEBUG Engine               - globalSoundVolumeProperty: DoubleProperty [value: 0.5]
10:16:45.968 [FXGL Background Thread 3 ] DEBUG Engine               - height: 1088
10:16:45.968 [FXGL Background Thread 3 ] DEBUG Engine               - is3D: false
10:16:45.968 [FXGL Background Thread 3 ] DEBUG Engine               - isAndroid: false
10:16:45.968 [FXGL Background Thread 3 ] DEBUG Engine               - isBrowser: false
10:16:45.968 [FXGL Background Thread 3 ] DEBUG Engine               - isClickFeedbackEnabled: false
10:16:45.969 [FXGL Background Thread 3 ] DEBUG Engine               - isCloseConfirmation: false
10:16:45.969 [FXGL Background Thread 3 ] DEBUG Engine               - isDesktop: true
10:16:45.969 [FXGL Background Thread 3 ] DEBUG Engine               - isDeveloperMenuEnabled: false
10:16:45.969 [FXGL Background Thread 3 ] DEBUG Engine               - isEmbedded: false
10:16:45.969 [FXGL Background Thread 3 ] DEBUG Engine               - isEntityPreloadEnabled: true
10:16:45.970 [FXGL Background Thread 3 ] DEBUG Engine               - isExperimentalTiledLargeMap: false
10:16:45.970 [FXGL Background Thread 3 ] DEBUG Engine               - isFileSystemWriteAllowed: true
10:16:45.970 [FXGL Background Thread 3 ] DEBUG Engine               - isFullScreenAllowed: true
10:16:45.970 [FXGL Background Thread 3 ] DEBUG Engine               - isFullScreenFromStart: false
10:16:45.970 [FXGL Background Thread 3 ] DEBUG Engine               - isGameMenuEnabled: true
10:16:45.970 [FXGL Background Thread 3 ] DEBUG Engine               - isIOS: false
10:16:45.971 [FXGL Background Thread 3 ] DEBUG Engine               - isIntroEnabled: false
10:16:45.971 [FXGL Background Thread 3 ] DEBUG Engine               - isLinux: true
10:16:45.971 [FXGL Background Thread 3 ] DEBUG Engine               - isMac: false
10:16:45.971 [FXGL Background Thread 3 ] DEBUG Engine               - isMainMenuEnabled: false
10:16:45.971 [FXGL Background Thread 3 ] DEBUG Engine               - isManualResizeEnabled: true
10:16:45.971 [FXGL Background Thread 3 ] DEBUG Engine               - isMobile: false
10:16:45.972 [FXGL Background Thread 3 ] DEBUG Engine               - isNative: false
10:16:45.972 [FXGL Background Thread 3 ] DEBUG Engine               - isPauseMusicWhenMinimized: true
10:16:45.972 [FXGL Background Thread 3 ] DEBUG Engine               - isPreserveResizeRatio: false
10:16:45.972 [FXGL Background Thread 3 ] DEBUG Engine               - isProfilingEnabled: false
10:16:45.972 [FXGL Background Thread 3 ] DEBUG Engine               - isScaleAffectedOnResize: true
10:16:45.972 [FXGL Background Thread 3 ] DEBUG Engine               - isSingleStep: false
10:16:45.973 [FXGL Background Thread 3 ] DEBUG Engine               - isUserProfileEnabled: false
10:16:45.973 [FXGL Background Thread 3 ] DEBUG Engine               - isWindows: false
10:16:45.973 [FXGL Background Thread 3 ] DEBUG Engine               - language: ObjectProperty [value: ENGLISH]
10:16:45.973 [FXGL Background Thread 3 ] DEBUG Engine               - menuKey: ESCAPE
10:16:45.974 [FXGL Background Thread 3 ] DEBUG Engine               - mouseSensitivity: 0.2
10:16:45.974 [FXGL Background Thread 3 ] DEBUG Engine               - notificationViewClass: class com.almasb.fxgl.notification.view.XboxNotificationView
10:16:45.974 [FXGL Background Thread 3 ] DEBUG Engine               - pixelsPerMeter: 50.0
10:16:45.974 [FXGL Background Thread 3 ] DEBUG Engine               - platform: LINUX
10:16:45.974 [FXGL Background Thread 3 ] DEBUG Engine               - prefHeightProperty: ReadOnlyDoubleProperty [value: 1088.0]
10:16:45.975 [FXGL Background Thread 3 ] DEBUG Engine               - prefWidthProperty: ReadOnlyDoubleProperty [value: 1920.0]
10:16:45.975 [FXGL Background Thread 3 ] DEBUG Engine               - profileDir: profiles/
10:16:45.975 [FXGL Background Thread 3 ] DEBUG Engine               - profileName: StringProperty [value: DEFAULT]
10:16:45.975 [FXGL Background Thread 3 ] DEBUG Engine               - randomSeed: -1
10:16:45.976 [FXGL Background Thread 3 ] DEBUG Engine               - runtimeInfo: RuntimeInfo(platform=LINUX, version=17.3, build=30.03.2023 11.49)
10:16:45.976 [FXGL Background Thread 3 ] DEBUG Engine               - saveFileExt: sav
10:16:45.977 [FXGL Background Thread 3 ] DEBUG Engine               - scaledHeightProp$fxgl: DoubleProperty [bound, value: 1005.0]
10:16:45.977 [FXGL Background Thread 3 ] DEBUG Engine               - scaledWidthProp$fxgl: DoubleProperty [bound, value: 1920.0]
10:16:45.977 [FXGL Background Thread 3 ] DEBUG Engine               - sceneFactory: com.almasb.fxgl.app.scene.SceneFactory@1fc97bc3
10:16:45.977 [FXGL Background Thread 3 ] DEBUG Engine               - secondsIn24h: 60
10:16:45.977 [FXGL Background Thread 3 ] DEBUG Engine               - soundMenuBack: menu/back.wav
10:16:45.977 [FXGL Background Thread 3 ] DEBUG Engine               - soundMenuPress: menu/press.wav
10:16:45.977 [FXGL Background Thread 3 ] DEBUG Engine               - soundMenuSelect: menu/select.wav
10:16:45.978 [FXGL Background Thread 3 ] DEBUG Engine               - soundNotification: core/notification.wav
10:16:45.978 [FXGL Background Thread 3 ] DEBUG Engine               - stageStyle: DECORATED
10:16:45.978 [FXGL Background Thread 3 ] DEBUG Engine               - supportedLanguages: [ENGLISH, FRENCH, GERMAN, HUNGARIAN, RUSSIAN]
10:16:45.978 [FXGL Background Thread 3 ] DEBUG Engine               - ticksPerSecond: -1
10:16:45.978 [FXGL Background Thread 3 ] DEBUG Engine               - title: Droid Rampage
10:16:45.979 [FXGL Background Thread 3 ] DEBUG Engine               - urlGithub: https://github.com/AlmasB/FXGL
10:16:45.979 [FXGL Background Thread 3 ] DEBUG Engine               - urlLeaderboard: http://fxgl-top.herokuapp.com/
10:16:45.979 [FXGL Background Thread 3 ] DEBUG Engine               - urlPOM: https://raw.githubusercontent.com/AlmasB/FXGL/release/README.md
10:16:45.979 [FXGL Background Thread 3 ] DEBUG Engine               - userAppClass: class at.htl.droidrampage.GameApp
10:16:45.979 [FXGL Background Thread 3 ] DEBUG Engine               - version: 1.0
10:16:45.979 [FXGL Background Thread 3 ] DEBUG Engine               - versionCheckDays: 7
10:16:45.980 [FXGL Background Thread 3 ] DEBUG Engine               - width: 1920
10:16:45.980 [FXGL Background Thread 3 ] DEBUG Engine               - Logging services
10:16:45.980 [FXGL Background Thread 3 ] DEBUG Engine               - class com.almasb.fxgl.app.services.FXGLAssetLoaderService
10:16:45.980 [FXGL Background Thread 3 ] DEBUG Engine               - class com.almasb.fxgl.app.FXGLApplication$GameApplicationService
10:16:45.980 [FXGL Background Thread 3 ] DEBUG Engine               - class com.almasb.fxgl.app.services.FXGLDialogService
10:16:45.980 [FXGL Background Thread 3 ] DEBUG Engine               - class com.almasb.fxgl.app.services.IOTaskExecutorService
10:16:45.980 [FXGL Background Thread 3 ] DEBUG Engine               - class com.almasb.fxgl.io.FileSystemService
10:16:45.981 [FXGL Background Thread 3 ] DEBUG Engine               - class com.almasb.fxgl.localization.LocalizationService
10:16:45.981 [FXGL Background Thread 3 ] DEBUG Engine               - class com.almasb.fxgl.app.services.SystemBundleService
10:16:45.981 [FXGL Background Thread 3 ] DEBUG Engine               - class com.almasb.fxgl.profile.SaveLoadService
10:16:45.981 [FXGL Background Thread 3 ] DEBUG Engine               - class com.almasb.fxgl.ui.FXGLUIFactoryServiceProvider
10:16:45.981 [FXGL Background Thread 3 ] DEBUG Engine               - class com.almasb.fxgl.ui.FXGLDialogFactoryServiceProvider
10:16:45.981 [FXGL Background Thread 3 ] DEBUG Engine               - class com.almasb.fxgl.audio.AudioPlayer
10:16:45.981 [FXGL Background Thread 3 ] DEBUG Engine               - class com.almasb.fxgl.notification.impl.NotificationServiceProvider
10:16:45.981 [FXGL Background Thread 3 ] DEBUG Engine               - class com.almasb.fxgl.achievement.AchievementService
10:16:45.982 [FXGL Background Thread 3 ] DEBUG Engine               - class com.almasb.fxgl.cutscene.CutsceneService
10:16:45.982 [FXGL Background Thread 3 ] DEBUG Engine               - class com.almasb.fxgl.minigames.MiniGameService
10:16:45.982 [FXGL Background Thread 3 ] DEBUG Engine               - class com.almasb.fxgl.net.NetService
10:16:45.982 [FXGL Background Thread 3 ] DEBUG Engine               - class com.almasb.fxgl.app.services.UpdaterService
10:16:45.982 [FXGL Background Thread 3 ] DEBUG Engine               - class com.almasb.fxgl.dev.DevService
10:17:11.709 [JavaFX Application Thread] WARN  TMXLevelLoader       - TiledMap generated from 1.8.2. Supported version: 1.9.0. Some features may not be parsed fully.
10:17:11.723 [JavaFX Application Thread] DEBUG TMXLevelLoader       - Parsed TiledMap: file:/home/franz/Documents/Schule/3-Klasse/POS/DroidRampage/target/classes/assets/levels/Tile4.tmx
10:17:11.723 [JavaFX Application Thread] DEBUG TMXLevelLoader       - Creating tile layer entities
10:17:11.724 [JavaFX Application Thread] DEBUG TilesetLoader        - Loading view for layer Tile Layer 1
10:17:11.725 [JavaFX Application Thread] DEBUG TilesetLoader        - Created buffer with size 1920.0x1088.0
10:17:11.801 [JavaFX Application Thread] DEBUG TMXLevelLoader       - Creating object layer entities
10:17:23.174 [JavaFX Application Thread] WARN  TMXLevelLoader       - TiledMap generated from 1.8.2. Supported version: 1.9.0. Some features may not be parsed fully.
10:17:23.183 [JavaFX Application Thread] DEBUG TMXLevelLoader       - Parsed TiledMap: file:/home/franz/Documents/Schule/3-Klasse/POS/DroidRampage/target/classes/assets/levels/Tile5.tmx
10:17:23.183 [JavaFX Application Thread] DEBUG TMXLevelLoader       - Creating tile layer entities
10:17:23.184 [JavaFX Application Thread] DEBUG TilesetLoader        - Loading view for layer Tile Layer 1
10:17:23.187 [JavaFX Application Thread] DEBUG TilesetLoader        - Created buffer with size 1920.0x1088.0
10:17:23.269 [JavaFX Application Thread] DEBUG TMXLevelLoader       - Creating object layer entities
10:17:31.955 [JavaFX Application Thread] WARN  TMXLevelLoader       - TiledMap generated from 1.8.2. Supported version: 1.9.0. Some features may not be parsed fully.
10:17:31.967 [JavaFX Application Thread] DEBUG TMXLevelLoader       - Parsed TiledMap: file:/home/franz/Documents/Schule/3-Klasse/POS/DroidRampage/target/classes/assets/levels/Tile3.tmx
10:17:31.967 [JavaFX Application Thread] DEBUG TMXLevelLoader       - Creating tile layer entities
10:17:31.968 [JavaFX Application Thread] DEBUG TilesetLoader        - Loading view for layer Tile Layer 1
10:17:31.976 [JavaFX Application Thread] DEBUG TilesetLoader        - Created buffer with size 1920.0x1088.0
10:17:32.069 [JavaFX Application Thread] DEBUG TMXLevelLoader       - Creating object layer entities
10:17:39.676 [JavaFX Application Thread] WARN  TMXLevelLoader       - TiledMap generated from 1.8.2. Supported version: 1.9.0. Some features may not be parsed fully.
10:17:39.688 [JavaFX Application Thread] DEBUG TMXLevelLoader       - Parsed TiledMap: file:/home/franz/Documents/Schule/3-Klasse/POS/DroidRampage/target/classes/assets/levels/Tile6.tmx
10:17:39.688 [JavaFX Application Thread] DEBUG TMXLevelLoader       - Creating tile layer entities
10:17:39.689 [JavaFX Application Thread] DEBUG TilesetLoader        - Loading view for layer Tile Layer 1
10:17:39.696 [JavaFX Application Thread] DEBUG TilesetLoader        - Created buffer with size 1920.0x1088.0
10:17:39.698 [JavaFX Application Thread] WARN  TMXLevelLoader       - Parse error
java.lang.IllegalArgumentException: Tileset for gid=6226 not found
	at com.almasb.fxgl.entity.level.tiled.TilesetLoader.findTileset(TilesetLoader.kt:413)
	at com.almasb.fxgl.entity.level.tiled.TilesetLoader.loadView(TilesetLoader.kt:116)
	at com.almasb.fxgl.entity.level.tiled.TMXLevelLoader$createTileLayerEntities$1.invoke(TMXLevelLoader.kt:100)
	at com.almasb.fxgl.entity.level.tiled.TMXLevelLoader$createTileLayerEntities$1.invoke(TMXLevelLoader.kt:89)
	at com.almasb.fxgl.entity.level.tiled.TMXLevelLoader.createTileLayerEntities$lambda$3(TMXLevelLoader.kt:89)
	at java.base/java.util.stream.ReferencePipeline$3$1.accept(ReferencePipeline.java:214)
	at java.base/java.util.ArrayList$ArrayListSpliterator.forEachRemaining(ArrayList.java:1724)
	at java.base/java.util.stream.AbstractPipeline.copyInto(AbstractPipeline.java:570)
	at java.base/java.util.stream.AbstractPipeline.wrapAndCopyInto(AbstractPipeline.java:560)
	at java.base/java.util.stream.ReduceOps$ReduceOp.evaluateSequential(ReduceOps.java:921)
	at java.base/java.util.stream.AbstractPipeline.evaluate(AbstractPipeline.java:265)
	at java.base/java.util.stream.ReferencePipeline.collect(ReferencePipeline.java:723)
	at com.almasb.fxgl.entity.level.tiled.TMXLevelLoader.createTileLayerEntities(TMXLevelLoader.kt:117)
	at com.almasb.fxgl.entity.level.tiled.TMXLevelLoader.load(TMXLevelLoader.kt:58)
	at com.almasb.fxgl.app.services.FXGLAssetLoaderService.loadLevel(FXGLAssetLoaderService.kt:430)
	at at.htl.droidrampage.GameApp.spawnTiles(GameApp.java:122)
	at at.htl.droidrampage.GameApp.onUpdate(GameApp.java:261)
	at com.almasb.fxgl.app.FXGLApplication$GameApplicationService.onGameUpdate(FXGLApplication.kt:421)
	at com.almasb.fxgl.app.Engine.onGameUpdate(Engine.kt:138)
	at com.almasb.fxgl.app.FXGLApplication.postServicesInit$lambda$7(FXGLApplication.kt:182)
	at com.almasb.fxgl.scene.Scene.update(Scene.kt:113)
	at com.almasb.fxgl.app.MainWindow$update$1.invoke(MainWindow.kt:115)
	at com.almasb.fxgl.app.MainWindow$update$1.invoke(MainWindow.kt:115)
	at com.almasb.fxgl.core.fsm.StateMachine.runOnActiveStates(StateMachine.kt:69)
	at com.almasb.fxgl.app.MainWindow.update(MainWindow.kt:115)
	at com.almasb.fxgl.app.FXGLApplication$GameApplicationService.onUpdate(FXGLApplication.kt:426)
	at com.almasb.fxgl.app.Engine.loop(Engine.kt:134)
	at com.almasb.fxgl.app.Engine.access$loop(Engine.kt:24)
	at com.almasb.fxgl.app.Engine$loop$1.invoke(Engine.kt:28)
	at com.almasb.fxgl.app.Engine$loop$1.invoke(Engine.kt:28)
	at com.almasb.fxgl.app.LoopRunner.frame(LoopRunner.kt:103)
	at com.almasb.fxgl.app.LoopRunner.access$frame(LoopRunner.kt:23)
	at com.almasb.fxgl.app.LoopRunner$impl$2$1.onTick(LoopRunner.kt:57)
	at com.almasb.fxgl.app.AnimationTimerLoop$timer$1.handle(LoopRunner.kt:137)
	at javafx.animation.AnimationTimer$AnimationTimerReceiver.lambda$handle$0(AnimationTimer.java:58)
	at java.base/java.security.AccessController.doPrivileged(AccessController.java:138)
	at javafx.animation.AnimationTimer$AnimationTimerReceiver.handle(AnimationTimer.java:57)
	at com.sun.scenario.animation.AbstractPrimaryTimer.timePulseImpl(AbstractPrimaryTimer.java:356)
	at com.sun.scenario.animation.AbstractPrimaryTimer$MainLoop.run(AbstractPrimaryTimer.java:266)
	at com.sun.javafx.tk.quantum.QuantumToolkit.pulse(QuantumToolkit.java:588)
	at com.sun.javafx.tk.quantum.QuantumToolkit.pulse(QuantumToolkit.java:572)
	at com.sun.javafx.tk.quantum.QuantumToolkit.pulseFromQueue(QuantumToolkit.java:565)
	at com.sun.javafx.tk.quantum.QuantumToolkit.lambda$runToolkit$11(QuantumToolkit.java:352)
	at com.sun.glass.ui.InvokeLaterDispatcher$Future.run(InvokeLaterDispatcher.java:95)
	at com.sun.glass.ui.gtk.GtkApplication._runLoop(Native Method)
	at com.sun.glass.ui.gtk.GtkApplication.lambda$runLoop$10(GtkApplication.java:263)
	at java.base/java.lang.Thread.run(Thread.java:1516)

10:17:39.730 [JavaFX Application Thread] WARN  TMXLevelLoader       - TiledMap generated from 1.8.2. Supported version: 1.9.0. Some features may not be parsed fully.
10:17:39.742 [JavaFX Application Thread] DEBUG TMXLevelLoader       - Parsed TiledMap: file:/home/franz/Documents/Schule/3-Klasse/POS/DroidRampage/target/classes/assets/levels/Tile6.tmx
10:17:39.742 [JavaFX Application Thread] DEBUG TMXLevelLoader       - Creating tile layer entities
10:17:39.743 [JavaFX Application Thread] DEBUG TilesetLoader        - Loading view for layer Tile Layer 1
10:17:39.751 [JavaFX Application Thread] DEBUG TilesetLoader        - Created buffer with size 1920.0x1088.0
10:17:39.753 [JavaFX Application Thread] WARN  TMXLevelLoader       - Parse error
java.lang.IllegalArgumentException: Tileset for gid=6226 not found
	at com.almasb.fxgl.entity.level.tiled.TilesetLoader.findTileset(TilesetLoader.kt:413)
	at com.almasb.fxgl.entity.level.tiled.TilesetLoader.loadView(TilesetLoader.kt:116)
	at com.almasb.fxgl.entity.level.tiled.TMXLevelLoader$createTileLayerEntities$1.invoke(TMXLevelLoader.kt:100)
	at com.almasb.fxgl.entity.level.tiled.TMXLevelLoader$createTileLayerEntities$1.invoke(TMXLevelLoader.kt:89)
	at com.almasb.fxgl.entity.level.tiled.TMXLevelLoader.createTileLayerEntities$lambda$3(TMXLevelLoader.kt:89)
	at java.base/java.util.stream.ReferencePipeline$3$1.accept(ReferencePipeline.java:214)
	at java.base/java.util.ArrayList$ArrayListSpliterator.forEachRemaining(ArrayList.java:1724)
	at java.base/java.util.stream.AbstractPipeline.copyInto(AbstractPipeline.java:570)
	at java.base/java.util.stream.AbstractPipeline.wrapAndCopyInto(AbstractPipeline.java:560)
	at java.base/java.util.stream.ReduceOps$ReduceOp.evaluateSequential(ReduceOps.java:921)
	at java.base/java.util.stream.AbstractPipeline.evaluate(AbstractPipeline.java:265)
	at java.base/java.util.stream.ReferencePipeline.collect(ReferencePipeline.java:723)
	at com.almasb.fxgl.entity.level.tiled.TMXLevelLoader.createTileLayerEntities(TMXLevelLoader.kt:117)
	at com.almasb.fxgl.entity.level.tiled.TMXLevelLoader.load(TMXLevelLoader.kt:58)
	at com.almasb.fxgl.app.services.FXGLAssetLoaderService.loadLevel(FXGLAssetLoaderService.kt:430)
	at at.htl.droidrampage.GameApp.spawnTiles(GameApp.java:122)
	at at.htl.droidrampage.GameApp.onUpdate(GameApp.java:261)
	at com.almasb.fxgl.app.FXGLApplication$GameApplicationService.onGameUpdate(FXGLApplication.kt:421)
	at com.almasb.fxgl.app.Engine.onGameUpdate(Engine.kt:138)
	at com.almasb.fxgl.app.FXGLApplication.postServicesInit$lambda$7(FXGLApplication.kt:182)
	at com.almasb.fxgl.scene.Scene.update(Scene.kt:113)
	at com.almasb.fxgl.app.MainWindow$update$1.invoke(MainWindow.kt:115)
	at com.almasb.fxgl.app.MainWindow$update$1.invoke(MainWindow.kt:115)
	at com.almasb.fxgl.core.fsm.StateMachine.runOnActiveStates(StateMachine.kt:69)
	at com.almasb.fxgl.app.MainWindow.update(MainWindow.kt:115)
	at com.almasb.fxgl.app.FXGLApplication$GameApplicationService.onUpdate(FXGLApplication.kt:426)
	at com.almasb.fxgl.app.Engine.loop(Engine.kt:134)
	at com.almasb.fxgl.app.Engine.access$loop(Engine.kt:24)
	at com.almasb.fxgl.app.Engine$loop$1.invoke(Engine.kt:28)
	at com.almasb.fxgl.app.Engine$loop$1.invoke(Engine.kt:28)
	at com.almasb.fxgl.app.LoopRunner.frame(LoopRunner.kt:103)
	at com.almasb.fxgl.app.LoopRunner.access$frame(LoopRunner.kt:23)
	at com.almasb.fxgl.app.LoopRunner$impl$2$1.onTick(LoopRunner.kt:57)
	at com.almasb.fxgl.app.AnimationTimerLoop$timer$1.handle(LoopRunner.kt:137)
	at javafx.animation.AnimationTimer$AnimationTimerReceiver.lambda$handle$0(AnimationTimer.java:58)
	at java.base/java.security.AccessController.doPrivileged(AccessController.java:138)
	at javafx.animation.AnimationTimer$AnimationTimerReceiver.handle(AnimationTimer.java:57)
	at com.sun.scenario.animation.AbstractPrimaryTimer.timePulseImpl(AbstractPrimaryTimer.java:356)
	at com.sun.scenario.animation.AbstractPrimaryTimer$MainLoop.run(AbstractPrimaryTimer.java:266)
	at com.sun.javafx.tk.quantum.QuantumToolkit.pulse(QuantumToolkit.java:588)
	at com.sun.javafx.tk.quantum.QuantumToolkit.pulse(QuantumToolkit.java:572)
	at com.sun.javafx.tk.quantum.QuantumToolkit.pulseFromQueue(QuantumToolkit.java:565)
	at com.sun.javafx.tk.quantum.QuantumToolkit.lambda$runToolkit$11(QuantumToolkit.java:352)
	at com.sun.glass.ui.InvokeLaterDispatcher$Future.run(InvokeLaterDispatcher.java:95)
	at com.sun.glass.ui.gtk.GtkApplication._runLoop(Native Method)
	at com.sun.glass.ui.gtk.GtkApplication.lambda$runLoop$10(GtkApplication.java:263)
	at java.base/java.lang.Thread.run(Thread.java:1516)

10:17:39.763 [JavaFX Application Thread] WARN  TMXLevelLoader       - TiledMap generated from 1.8.2. Supported version: 1.9.0. Some features may not be parsed fully.
10:17:39.769 [JavaFX Application Thread] DEBUG TMXLevelLoader       - Parsed TiledMap: file:/home/franz/Documents/Schule/3-Klasse/POS/DroidRampage/target/classes/assets/levels/Tile6.tmx
10:17:39.769 [JavaFX Application Thread] DEBUG TMXLevelLoader       - Creating tile layer entities
10:17:39.769 [JavaFX Application Thread] DEBUG TilesetLoader        - Loading view for layer Tile Layer 1
10:17:39.779 [JavaFX Application Thread] DEBUG TilesetLoader        - Created buffer with size 1920.0x1088.0
10:17:39.781 [JavaFX Application Thread] WARN  TMXLevelLoader       - Parse error
java.lang.IllegalArgumentException: Tileset for gid=6226 not found
	at com.almasb.fxgl.entity.level.tiled.TilesetLoader.findTileset(TilesetLoader.kt:413)
	at com.almasb.fxgl.entity.level.tiled.TilesetLoader.loadView(TilesetLoader.kt:116)
	at com.almasb.fxgl.entity.level.tiled.TMXLevelLoader$createTileLayerEntities$1.invoke(TMXLevelLoader.kt:100)
	at com.almasb.fxgl.entity.level.tiled.TMXLevelLoader$createTileLayerEntities$1.invoke(TMXLevelLoader.kt:89)
	at com.almasb.fxgl.entity.level.tiled.TMXLevelLoader.createTileLayerEntities$lambda$3(TMXLevelLoader.kt:89)
	at java.base/java.util.stream.ReferencePipeline$3$1.accept(ReferencePipeline.java:214)
	at java.base/java.util.ArrayList$ArrayListSpliterator.forEachRemaining(ArrayList.java:1724)
	at java.base/java.util.stream.AbstractPipeline.copyInto(AbstractPipeline.java:570)
	at java.base/java.util.stream.AbstractPipeline.wrapAndCopyInto(AbstractPipeline.java:560)
	at java.base/java.util.stream.ReduceOps$ReduceOp.evaluateSequential(ReduceOps.java:921)
	at java.base/java.util.stream.AbstractPipeline.evaluate(AbstractPipeline.java:265)
	at java.base/java.util.stream.ReferencePipeline.collect(ReferencePipeline.java:723)
	at com.almasb.fxgl.entity.level.tiled.TMXLevelLoader.createTileLayerEntities(TMXLevelLoader.kt:117)
	at com.almasb.fxgl.entity.level.tiled.TMXLevelLoader.load(TMXLevelLoader.kt:58)
	at com.almasb.fxgl.app.services.FXGLAssetLoaderService.loadLevel(FXGLAssetLoaderService.kt:430)
	at at.htl.droidrampage.GameApp.spawnTiles(GameApp.java:122)
	at at.htl.droidrampage.GameApp.onUpdate(GameApp.java:261)
	at com.almasb.fxgl.app.FXGLApplication$GameApplicationService.onGameUpdate(FXGLApplication.kt:421)
	at com.almasb.fxgl.app.Engine.onGameUpdate(Engine.kt:138)
	at com.almasb.fxgl.app.FXGLApplication.postServicesInit$lambda$7(FXGLApplication.kt:182)
	at com.almasb.fxgl.scene.Scene.update(Scene.kt:113)
	at com.almasb.fxgl.app.MainWindow$update$1.invoke(MainWindow.kt:115)
	at com.almasb.fxgl.app.MainWindow$update$1.invoke(MainWindow.kt:115)
	at com.almasb.fxgl.core.fsm.StateMachine.runOnActiveStates(StateMachine.kt:69)
	at com.almasb.fxgl.app.MainWindow.update(MainWindow.kt:115)
	at com.almasb.fxgl.app.FXGLApplication$GameApplicationService.onUpdate(FXGLApplication.kt:426)
	at com.almasb.fxgl.app.Engine.loop(Engine.kt:134)
	at com.almasb.fxgl.app.Engine.access$loop(Engine.kt:24)
	at com.almasb.fxgl.app.Engine$loop$1.invoke(Engine.kt:28)
	at com.almasb.fxgl.app.Engine$loop$1.invoke(Engine.kt:28)
	at com.almasb.fxgl.app.LoopRunner.frame(LoopRunner.kt:103)
	at com.almasb.fxgl.app.LoopRunner.access$frame(LoopRunner.kt:23)
	at com.almasb.fxgl.app.LoopRunner$impl$2$1.onTick(LoopRunner.kt:57)
	at com.almasb.fxgl.app.AnimationTimerLoop$timer$1.handle(LoopRunner.kt:137)
	at javafx.animation.AnimationTimer$AnimationTimerReceiver.lambda$handle$0(AnimationTimer.java:58)
	at java.base/java.security.AccessController.doPrivileged(AccessController.java:138)
	at javafx.animation.AnimationTimer$AnimationTimerReceiver.handle(AnimationTimer.java:57)
	at com.sun.scenario.animation.AbstractPrimaryTimer.timePulseImpl(AbstractPrimaryTimer.java:356)
	at com.sun.scenario.animation.AbstractPrimaryTimer$MainLoop.run(AbstractPrimaryTimer.java:266)
	at com.sun.javafx.tk.quantum.QuantumToolkit.pulse(QuantumToolkit.java:588)
	at com.sun.javafx.tk.quantum.QuantumToolkit.pulse(QuantumToolkit.java:572)
	at com.sun.javafx.tk.quantum.QuantumToolkit.pulseFromQueue(QuantumToolkit.java:565)
	at com.sun.javafx.tk.quantum.QuantumToolkit.lambda$runToolkit$11(QuantumToolkit.java:352)
	at com.sun.glass.ui.InvokeLaterDispatcher$Future.run(InvokeLaterDispatcher.java:95)
	at com.sun.glass.ui.gtk.GtkApplication._runLoop(Native Method)
	at com.sun.glass.ui.gtk.GtkApplication.lambda$runLoop$10(GtkApplication.java:263)
	at java.base/java.lang.Thread.run(Thread.java:1516)

10:17:39.795 [JavaFX Application Thread] WARN  TMXLevelLoader       - TiledMap generated from 1.8.2. Supported version: 1.9.0. Some features may not be parsed fully.
10:17:39.800 [JavaFX Application Thread] DEBUG TMXLevelLoader       - Parsed TiledMap: file:/home/franz/Documents/Schule/3-Klasse/POS/DroidRampage/target/classes/assets/levels/Tile2.tmx
10:17:39.800 [JavaFX Application Thread] DEBUG TMXLevelLoader       - Creating tile layer entities
10:17:39.801 [JavaFX Application Thread] DEBUG TilesetLoader        - Loading view for layer Tile Layer 1
10:17:39.808 [JavaFX Application Thread] DEBUG TilesetLoader        - Created buffer with size 1920.0x1088.0
10:17:39.902 [JavaFX Application Thread] DEBUG TMXLevelLoader       - Creating object layer entities
10:17:47.293 [JavaFX Application Thread] WARN  TMXLevelLoader       - TiledMap generated from 1.8.2. Supported version: 1.9.0. Some features may not be parsed fully.
10:17:47.298 [JavaFX Application Thread] DEBUG TMXLevelLoader       - Parsed TiledMap: file:/home/franz/Documents/Schule/3-Klasse/POS/DroidRampage/target/classes/assets/levels/Tile6.tmx
10:17:47.298 [JavaFX Application Thread] DEBUG TMXLevelLoader       - Creating tile layer entities
10:17:47.299 [JavaFX Application Thread] DEBUG TilesetLoader        - Loading view for layer Tile Layer 1
10:17:47.308 [JavaFX Application Thread] DEBUG TilesetLoader        - Created buffer with size 1920.0x1088.0
10:17:47.309 [JavaFX Application Thread] WARN  TMXLevelLoader       - Parse error
java.lang.IllegalArgumentException: Tileset for gid=6226 not found
	at com.almasb.fxgl.entity.level.tiled.TilesetLoader.findTileset(TilesetLoader.kt:413)
	at com.almasb.fxgl.entity.level.tiled.TilesetLoader.loadView(TilesetLoader.kt:116)
	at com.almasb.fxgl.entity.level.tiled.TMXLevelLoader$createTileLayerEntities$1.invoke(TMXLevelLoader.kt:100)
	at com.almasb.fxgl.entity.level.tiled.TMXLevelLoader$createTileLayerEntities$1.invoke(TMXLevelLoader.kt:89)
	at com.almasb.fxgl.entity.level.tiled.TMXLevelLoader.createTileLayerEntities$lambda$3(TMXLevelLoader.kt:89)
	at java.base/java.util.stream.ReferencePipeline$3$1.accept(ReferencePipeline.java:214)
	at java.base/java.util.ArrayList$ArrayListSpliterator.forEachRemaining(ArrayList.java:1724)
	at java.base/java.util.stream.AbstractPipeline.copyInto(AbstractPipeline.java:570)
	at java.base/java.util.stream.AbstractPipeline.wrapAndCopyInto(AbstractPipeline.java:560)
	at java.base/java.util.stream.ReduceOps$ReduceOp.evaluateSequential(ReduceOps.java:921)
	at java.base/java.util.stream.AbstractPipeline.evaluate(AbstractPipeline.java:265)
	at java.base/java.util.stream.ReferencePipeline.collect(ReferencePipeline.java:723)
	at com.almasb.fxgl.entity.level.tiled.TMXLevelLoader.createTileLayerEntities(TMXLevelLoader.kt:117)
	at com.almasb.fxgl.entity.level.tiled.TMXLevelLoader.load(TMXLevelLoader.kt:58)
	at com.almasb.fxgl.app.services.FXGLAssetLoaderService.loadLevel(FXGLAssetLoaderService.kt:430)
	at at.htl.droidrampage.GameApp.spawnTiles(GameApp.java:122)
	at at.htl.droidrampage.GameApp.onUpdate(GameApp.java:261)
	at com.almasb.fxgl.app.FXGLApplication$GameApplicationService.onGameUpdate(FXGLApplication.kt:421)
	at com.almasb.fxgl.app.Engine.onGameUpdate(Engine.kt:138)
	at com.almasb.fxgl.app.FXGLApplication.postServicesInit$lambda$7(FXGLApplication.kt:182)
	at com.almasb.fxgl.scene.Scene.update(Scene.kt:113)
	at com.almasb.fxgl.app.MainWindow$update$1.invoke(MainWindow.kt:115)
	at com.almasb.fxgl.app.MainWindow$update$1.invoke(MainWindow.kt:115)
	at com.almasb.fxgl.core.fsm.StateMachine.runOnActiveStates(StateMachine.kt:69)
	at com.almasb.fxgl.app.MainWindow.update(MainWindow.kt:115)
	at com.almasb.fxgl.app.FXGLApplication$GameApplicationService.onUpdate(FXGLApplication.kt:426)
	at com.almasb.fxgl.app.Engine.loop(Engine.kt:134)
	at com.almasb.fxgl.app.Engine.access$loop(Engine.kt:24)
	at com.almasb.fxgl.app.Engine$loop$1.invoke(Engine.kt:28)
	at com.almasb.fxgl.app.Engine$loop$1.invoke(Engine.kt:28)
	at com.almasb.fxgl.app.LoopRunner.frame(LoopRunner.kt:103)
	at com.almasb.fxgl.app.LoopRunner.access$frame(LoopRunner.kt:23)
	at com.almasb.fxgl.app.LoopRunner$impl$2$1.onTick(LoopRunner.kt:57)
	at com.almasb.fxgl.app.AnimationTimerLoop$timer$1.handle(LoopRunner.kt:137)
	at javafx.animation.AnimationTimer$AnimationTimerReceiver.lambda$handle$0(AnimationTimer.java:58)
	at java.base/java.security.AccessController.doPrivileged(AccessController.java:138)
	at javafx.animation.AnimationTimer$AnimationTimerReceiver.handle(AnimationTimer.java:57)
	at com.sun.scenario.animation.AbstractPrimaryTimer.timePulseImpl(AbstractPrimaryTimer.java:356)
	at com.sun.scenario.animation.AbstractPrimaryTimer$MainLoop.run(AbstractPrimaryTimer.java:266)
	at com.sun.javafx.tk.quantum.QuantumToolkit.pulse(QuantumToolkit.java:588)
	at com.sun.javafx.tk.quantum.QuantumToolkit.pulse(QuantumToolkit.java:572)
	at com.sun.javafx.tk.quantum.QuantumToolkit.pulseFromQueue(QuantumToolkit.java:565)
	at com.sun.javafx.tk.quantum.QuantumToolkit.lambda$runToolkit$11(QuantumToolkit.java:352)
	at com.sun.glass.ui.InvokeLaterDispatcher$Future.run(InvokeLaterDispatcher.java:95)
	at com.sun.glass.ui.gtk.GtkApplication._runLoop(Native Method)
	at com.sun.glass.ui.gtk.GtkApplication.lambda$runLoop$10(GtkApplication.java:263)
	at java.base/java.lang.Thread.run(Thread.java:1516)

10:17:47.319 [JavaFX Application Thread] WARN  TMXLevelLoader       - TiledMap generated from 1.8.2. Supported version: 1.9.0. Some features may not be parsed fully.
10:17:47.323 [JavaFX Application Thread] DEBUG TMXLevelLoader       - Parsed TiledMap: file:/home/franz/Documents/Schule/3-Klasse/POS/DroidRampage/target/classes/assets/levels/Tile3.tmx
10:17:47.323 [JavaFX Application Thread] DEBUG TMXLevelLoader       - Creating tile layer entities
10:17:47.324 [JavaFX Application Thread] DEBUG TilesetLoader        - Loading view for layer Tile Layer 1
10:17:47.333 [JavaFX Application Thread] DEBUG TilesetLoader        - Created buffer with size 1920.0x1088.0
10:17:47.416 [JavaFX Application Thread] DEBUG TMXLevelLoader       - Creating object layer entities
10:17:55.005 [JavaFX Application Thread] WARN  TMXLevelLoader       - TiledMap generated from 1.8.2. Supported version: 1.9.0. Some features may not be parsed fully.
10:17:55.012 [JavaFX Application Thread] DEBUG TMXLevelLoader       - Parsed TiledMap: file:/home/franz/Documents/Schule/3-Klasse/POS/DroidRampage/target/classes/assets/levels/Tile2.tmx
10:17:55.012 [JavaFX Application Thread] DEBUG TMXLevelLoader       - Creating tile layer entities
10:17:55.013 [JavaFX Application Thread] DEBUG TilesetLoader        - Loading view for layer Tile Layer 1
10:17:55.024 [JavaFX Application Thread] DEBUG TilesetLoader        - Created buffer with size 1920.0x1088.0
10:17:55.131 [JavaFX Application Thread] DEBUG TMXLevelLoader       - Creating object layer entities
10:18:02.683 [JavaFX Application Thread] WARN  TMXLevelLoader       - TiledMap generated from 1.8.2. Supported version: 1.9.0. Some features may not be parsed fully.
10:18:02.688 [JavaFX Application Thread] DEBUG TMXLevelLoader       - Parsed TiledMap: file:/home/franz/Documents/Schule/3-Klasse/POS/DroidRampage/target/classes/assets/levels/Tile1.tmx
10:18:02.688 [JavaFX Application Thread] DEBUG TMXLevelLoader       - Creating tile layer entities
10:18:02.689 [JavaFX Application Thread] DEBUG TilesetLoader        - Loading view for layer Kachelebene 1
10:18:02.698 [JavaFX Application Thread] DEBUG TilesetLoader        - Created buffer with size 1920.0x1088.0
10:18:02.792 [JavaFX Application Thread] DEBUG TMXLevelLoader       - Creating object layer entities
10:18:10.351 [JavaFX Application Thread] WARN  TMXLevelLoader       - TiledMap generated from 1.8.2. Supported version: 1.9.0. Some features may not be parsed fully.
10:18:10.354 [JavaFX Application Thread] DEBUG TMXLevelLoader       - Parsed TiledMap: file:/home/franz/Documents/Schule/3-Klasse/POS/DroidRampage/target/classes/assets/levels/Tile4.tmx
10:18:10.354 [JavaFX Application Thread] DEBUG TMXLevelLoader       - Creating tile layer entities
10:18:10.355 [JavaFX Application Thread] DEBUG TilesetLoader        - Loading view for layer Tile Layer 1
10:18:10.364 [JavaFX Application Thread] DEBUG TilesetLoader        - Created buffer with size 1920.0x1088.0
10:18:10.447 [JavaFX Application Thread] DEBUG TMXLevelLoader       - Creating object layer entities
10:18:13.296 [JavaFX Application Thread] DEBUG GameApplicationServi - Starting new game
10:18:13.296 [JavaFX Application Thread] DEBUG Input                - Clearing active input actions
10:18:13.307 [JavaFX Application Thread] DEBUG GameApplicationServi - Removing overlay from GameScene and adding to FXGLLoadingScene
10:18:13.308 [JavaFX Application Thread] DEBUG PrimaryStageWindow   - GameScene -> FXGLLoadingScene
10:18:13.308 [JavaFX Application Thread] DEBUG GameApplicationServi - Clearing previous game
10:18:13.308 [JavaFX Application Thread] DEBUG GameScene            - Clearing game scene
10:18:13.308 [JavaFX Application Thread] DEBUG GameWorld            - Clearing game world
10:18:13.321 [JavaFX Application Thread] DEBUG PhysicsWorld         - Clearing physics world
10:18:13.322 [FXGL Background Thread 5 ] DEBUG FXGLApplication      - Initializing game
10:18:13.324 [FXGL Background Thread 5 ] WARN  TMXLevelLoader       - TiledMap generated from 1.8.2. Supported version: 1.9.0. Some features may not be parsed fully.
10:18:13.328 [FXGL Background Thread 5 ] DEBUG TMXLevelLoader       - Parsed TiledMap: file:/home/franz/Documents/Schule/3-Klasse/POS/DroidRampage/target/classes/assets/levels/TileStart.tmx
10:18:13.328 [FXGL Background Thread 5 ] DEBUG TMXLevelLoader       - Creating tile layer entities
10:18:13.329 [FXGL Background Thread 5 ] DEBUG TilesetLoader        - Loading view for layer Kachelebene 1
10:18:13.338 [FXGL Background Thread 5 ] DEBUG TilesetLoader        - Created buffer with size 1920.0x1088.0
10:18:13.482 [FXGL Background Thread 5 ] DEBUG TMXLevelLoader       - Creating object layer entities
10:18:13.492 [FXGL Background Thread 5 ] DEBUG GameWorld            - Clearing removable entities
10:18:13.493 [FXGL Background Thread 5 ] DEBUG GameWorld            - Setting level: com.almasb.fxgl.entity.level.Level@912a2ea
10:18:13.726 [FXGL Background Thread 5 ] INFO  FXGLApplication      - Game initialization took: 0.404 sec
10:18:13.733 [JavaFX Application Thread] DEBUG Input                - Clearing active input actions
10:18:13.749 [JavaFX Application Thread] DEBUG GameApplicationServi - Removing overlay from FXGLLoadingScene and adding to GameScene
10:18:13.750 [JavaFX Application Thread] DEBUG PrimaryStageWindow   - FXGLLoadingScene -> GameScene
10:18:14.794 [JavaFX Application Thread] DEBUG GameApplicationServi - Starting new game
10:18:14.794 [JavaFX Application Thread] DEBUG Input                - Clearing active input actions
10:18:14.802 [JavaFX Application Thread] DEBUG GameApplicationServi - Removing overlay from GameScene and adding to FXGLLoadingScene
10:18:14.803 [JavaFX Application Thread] DEBUG PrimaryStageWindow   - GameScene -> FXGLLoadingScene
10:18:14.803 [JavaFX Application Thread] DEBUG GameApplicationServi - Clearing previous game
10:18:14.803 [JavaFX Application Thread] DEBUG GameScene            - Clearing game scene
10:18:14.803 [JavaFX Application Thread] DEBUG GameWorld            - Clearing game world
10:18:14.804 [JavaFX Application Thread] DEBUG PhysicsWorld         - Clearing physics world
10:18:14.805 [FXGL Background Thread 5 ] DEBUG FXGLApplication      - Initializing game
10:18:14.807 [FXGL Background Thread 5 ] WARN  TMXLevelLoader       - TiledMap generated from 1.8.2. Supported version: 1.9.0. Some features may not be parsed fully.
10:18:14.818 [FXGL Background Thread 5 ] DEBUG TMXLevelLoader       - Parsed TiledMap: file:/home/franz/Documents/Schule/3-Klasse/POS/DroidRampage/target/classes/assets/levels/TileStart.tmx
10:18:14.818 [FXGL Background Thread 5 ] DEBUG TMXLevelLoader       - Creating tile layer entities
10:18:14.819 [FXGL Background Thread 5 ] DEBUG TilesetLoader        - Loading view for layer Kachelebene 1
10:18:14.829 [FXGL Background Thread 5 ] DEBUG TilesetLoader        - Created buffer with size 1920.0x1088.0
10:18:14.981 [FXGL Background Thread 5 ] DEBUG TMXLevelLoader       - Creating object layer entities
10:18:14.990 [FXGL Background Thread 5 ] DEBUG GameWorld            - Clearing removable entities
10:18:14.991 [FXGL Background Thread 5 ] DEBUG GameWorld            - Setting level: com.almasb.fxgl.entity.level.Level@34050488
10:18:15.169 [FXGL Background Thread 5 ] INFO  FXGLApplication      - Game initialization took: 0.364 sec
10:18:15.170 [JavaFX Application Thread] DEBUG Input                - Clearing active input actions
10:18:15.181 [JavaFX Application Thread] DEBUG GameApplicationServi - Removing overlay from FXGLLoadingScene and adding to GameScene
10:18:15.181 [JavaFX Application Thread] DEBUG PrimaryStageWindow   - FXGLLoadingScene -> GameScene
10:18:15.696 [JavaFX Application Thread] DEBUG GameApplicationServi - Starting new game
10:18:15.696 [JavaFX Application Thread] DEBUG Input                - Clearing active input actions
10:18:15.704 [JavaFX Application Thread] DEBUG GameApplicationServi - Removing overlay from GameScene and adding to FXGLLoadingScene
10:18:15.704 [JavaFX Application Thread] DEBUG PrimaryStageWindow   - GameScene -> FXGLLoadingScene
10:18:15.704 [JavaFX Application Thread] DEBUG GameApplicationServi - Clearing previous game
10:18:15.704 [JavaFX Application Thread] DEBUG GameScene            - Clearing game scene
10:18:15.704 [JavaFX Application Thread] DEBUG GameWorld            - Clearing game world
10:18:15.706 [JavaFX Application Thread] DEBUG PhysicsWorld         - Clearing physics world
10:18:15.707 [FXGL Background Thread 5 ] DEBUG FXGLApplication      - Initializing game
10:18:15.709 [FXGL Background Thread 5 ] WARN  TMXLevelLoader       - TiledMap generated from 1.8.2. Supported version: 1.9.0. Some features may not be parsed fully.
10:18:15.711 [FXGL Background Thread 5 ] DEBUG TMXLevelLoader       - Parsed TiledMap: file:/home/franz/Documents/Schule/3-Klasse/POS/DroidRampage/target/classes/assets/levels/TileStart.tmx
10:18:15.711 [FXGL Background Thread 5 ] DEBUG TMXLevelLoader       - Creating tile layer entities
10:18:15.712 [FXGL Background Thread 5 ] DEBUG TilesetLoader        - Loading view for layer Kachelebene 1
10:18:15.713 [FXGL Background Thread 5 ] DEBUG TilesetLoader        - Created buffer with size 1920.0x1088.0
10:18:15.851 [FXGL Background Thread 5 ] DEBUG TMXLevelLoader       - Creating object layer entities
10:18:15.858 [FXGL Background Thread 5 ] DEBUG GameWorld            - Clearing removable entities
10:18:15.858 [FXGL Background Thread 5 ] DEBUG GameWorld            - Setting level: com.almasb.fxgl.entity.level.Level@1e70c8b3
10:18:16.064 [FXGL Background Thread 5 ] INFO  FXGLApplication      - Game initialization took: 0.356 sec
10:18:16.075 [JavaFX Application Thread] DEBUG Input                - Clearing active input actions
10:18:16.088 [JavaFX Application Thread] DEBUG GameApplicationServi - Removing overlay from FXGLLoadingScene and adding to GameScene
10:18:16.088 [JavaFX Application Thread] DEBUG PrimaryStageWindow   - FXGLLoadingScene -> GameScene
10:18:16.366 [JavaFX Application Thread] DEBUG GameApplicationServi - Starting new game
10:18:16.366 [JavaFX Application Thread] DEBUG Input                - Clearing active input actions
10:18:16.371 [JavaFX Application Thread] DEBUG GameApplicationServi - Removing overlay from GameScene and adding to FXGLLoadingScene
10:18:16.371 [JavaFX Application Thread] DEBUG PrimaryStageWindow   - GameScene -> FXGLLoadingScene
10:18:16.371 [JavaFX Application Thread] DEBUG GameApplicationServi - Clearing previous game
10:18:16.371 [JavaFX Application Thread] DEBUG GameScene            - Clearing game scene
10:18:16.371 [JavaFX Application Thread] DEBUG GameWorld            - Clearing game world
10:18:16.373 [JavaFX Application Thread] DEBUG PhysicsWorld         - Clearing physics world
10:18:16.373 [FXGL Background Thread 5 ] DEBUG FXGLApplication      - Initializing game
10:18:16.375 [FXGL Background Thread 5 ] WARN  TMXLevelLoader       - TiledMap generated from 1.8.2. Supported version: 1.9.0. Some features may not be parsed fully.
10:18:16.378 [FXGL Background Thread 5 ] DEBUG TMXLevelLoader       - Parsed TiledMap: file:/home/franz/Documents/Schule/3-Klasse/POS/DroidRampage/target/classes/assets/levels/TileStart.tmx
10:18:16.378 [FXGL Background Thread 5 ] DEBUG TMXLevelLoader       - Creating tile layer entities
10:18:16.378 [FXGL Background Thread 5 ] DEBUG TilesetLoader        - Loading view for layer Kachelebene 1
10:18:16.386 [FXGL Background Thread 5 ] DEBUG TilesetLoader        - Created buffer with size 1920.0x1088.0
10:18:16.526 [FXGL Background Thread 5 ] DEBUG TMXLevelLoader       - Creating object layer entities
10:18:16.534 [FXGL Background Thread 5 ] DEBUG GameWorld            - Clearing removable entities
10:18:16.534 [FXGL Background Thread 5 ] DEBUG GameWorld            - Setting level: com.almasb.fxgl.entity.level.Level@5fd4e58b
10:18:16.745 [FXGL Background Thread 5 ] INFO  FXGLApplication      - Game initialization took: 0.371 sec
10:18:16.746 [JavaFX Application Thread] DEBUG Input                - Clearing active input actions
10:18:16.756 [JavaFX Application Thread] DEBUG GameApplicationServi - Removing overlay from FXGLLoadingScene and adding to GameScene
10:18:16.756 [JavaFX Application Thread] DEBUG PrimaryStageWindow   - FXGLLoadingScene -> GameScene
10:18:17.092 [JavaFX Application Thread] DEBUG GameApplicationServi - Starting new game
10:18:17.092 [JavaFX Application Thread] DEBUG Input                - Clearing active input actions
10:18:17.098 [JavaFX Application Thread] DEBUG GameApplicationServi - Removing overlay from GameScene and adding to FXGLLoadingScene
10:18:17.098 [JavaFX Application Thread] DEBUG PrimaryStageWindow   - GameScene -> FXGLLoadingScene
10:18:17.098 [JavaFX Application Thread] DEBUG GameApplicationServi - Clearing previous game
10:18:17.098 [JavaFX Application Thread] DEBUG GameScene            - Clearing game scene
10:18:17.098 [JavaFX Application Thread] DEBUG GameWorld            - Clearing game world
10:18:17.100 [JavaFX Application Thread] DEBUG PhysicsWorld         - Clearing physics world
10:18:17.100 [FXGL Background Thread 5 ] DEBUG FXGLApplication      - Initializing game
10:18:17.102 [FXGL Background Thread 5 ] WARN  TMXLevelLoader       - TiledMap generated from 1.8.2. Supported version: 1.9.0. Some features may not be parsed fully.
10:18:17.105 [FXGL Background Thread 5 ] DEBUG TMXLevelLoader       - Parsed TiledMap: file:/home/franz/Documents/Schule/3-Klasse/POS/DroidRampage/target/classes/assets/levels/TileStart.tmx
10:18:17.105 [FXGL Background Thread 5 ] DEBUG TMXLevelLoader       - Creating tile layer entities
10:18:17.105 [FXGL Background Thread 5 ] DEBUG TilesetLoader        - Loading view for layer Kachelebene 1
10:18:17.112 [FXGL Background Thread 5 ] DEBUG TilesetLoader        - Created buffer with size 1920.0x1088.0
10:18:17.261 [FXGL Background Thread 5 ] DEBUG TMXLevelLoader       - Creating object layer entities
10:18:17.270 [FXGL Background Thread 5 ] DEBUG GameWorld            - Clearing removable entities
10:18:17.270 [FXGL Background Thread 5 ] DEBUG GameWorld            - Setting level: com.almasb.fxgl.entity.level.Level@23af3e25
10:18:17.503 [FXGL Background Thread 5 ] INFO  FXGLApplication      - Game initialization took: 0.402 sec
10:18:17.504 [JavaFX Application Thread] DEBUG Input                - Clearing active input actions
10:18:17.513 [JavaFX Application Thread] DEBUG GameApplicationServi - Removing overlay from FXGLLoadingScene and adding to GameScene
10:18:17.513 [JavaFX Application Thread] DEBUG PrimaryStageWindow   - FXGLLoadingScene -> GameScene
10:18:19.365 [JavaFX Application Thread] DEBUG GameApplicationServi - Starting new game
10:18:19.365 [JavaFX Application Thread] DEBUG Input                - Clearing active input actions
10:18:19.373 [JavaFX Application Thread] DEBUG GameApplicationServi - Removing overlay from GameScene and adding to FXGLLoadingScene
10:18:19.374 [JavaFX Application Thread] DEBUG PrimaryStageWindow   - GameScene -> FXGLLoadingScene
10:18:19.374 [JavaFX Application Thread] DEBUG GameApplicationServi - Clearing previous game
10:18:19.374 [JavaFX Application Thread] DEBUG GameScene            - Clearing game scene
10:18:19.374 [JavaFX Application Thread] DEBUG GameWorld            - Clearing game world
10:18:19.376 [JavaFX Application Thread] DEBUG PhysicsWorld         - Clearing physics world
10:18:19.377 [FXGL Background Thread 5 ] DEBUG FXGLApplication      - Initializing game
10:18:19.379 [FXGL Background Thread 5 ] WARN  TMXLevelLoader       - TiledMap generated from 1.8.2. Supported version: 1.9.0. Some features may not be parsed fully.
10:18:19.381 [FXGL Background Thread 5 ] DEBUG TMXLevelLoader       - Parsed TiledMap: file:/home/franz/Documents/Schule/3-Klasse/POS/DroidRampage/target/classes/assets/levels/TileStart.tmx
10:18:19.381 [FXGL Background Thread 5 ] DEBUG TMXLevelLoader       - Creating tile layer entities
10:18:19.381 [FXGL Background Thread 5 ] DEBUG TilesetLoader        - Loading view for layer Kachelebene 1
10:18:19.384 [FXGL Background Thread 5 ] DEBUG TilesetLoader        - Created buffer with size 1920.0x1088.0
10:18:19.512 [FXGL Background Thread 5 ] DEBUG TMXLevelLoader       - Creating object layer entities
10:18:19.525 [FXGL Background Thread 5 ] DEBUG GameWorld            - Clearing removable entities
10:18:19.526 [FXGL Background Thread 5 ] DEBUG GameWorld            - Setting level: com.almasb.fxgl.entity.level.Level@575bbe9c
10:18:19.777 [FXGL Background Thread 5 ] INFO  FXGLApplication      - Game initialization took: 0.400 sec
10:18:19.780 [JavaFX Application Thread] DEBUG Input                - Clearing active input actions
10:18:19.793 [JavaFX Application Thread] DEBUG GameApplicationServi - Removing overlay from FXGLLoadingScene and adding to GameScene
10:18:19.794 [JavaFX Application Thread] DEBUG PrimaryStageWindow   - FXGLLoadingScene -> GameScene
10:18:20.290 [JavaFX Application Thread] DEBUG GameApplicationServi - Starting new game
10:18:20.290 [JavaFX Application Thread] DEBUG Input                - Clearing active input actions
10:18:20.297 [JavaFX Application Thread] DEBUG GameApplicationServi - Removing overlay from GameScene and adding to FXGLLoadingScene
10:18:20.298 [JavaFX Application Thread] DEBUG PrimaryStageWindow   - GameScene -> FXGLLoadingScene
10:18:20.298 [JavaFX Application Thread] DEBUG GameApplicationServi - Clearing previous game
10:18:20.298 [JavaFX Application Thread] DEBUG GameScene            - Clearing game scene
10:18:20.298 [JavaFX Application Thread] DEBUG GameWorld            - Clearing game world
10:18:20.300 [JavaFX Application Thread] DEBUG PhysicsWorld         - Clearing physics world
10:18:20.300 [FXGL Background Thread 5 ] DEBUG FXGLApplication      - Initializing game
10:18:20.302 [FXGL Background Thread 5 ] WARN  TMXLevelLoader       - TiledMap generated from 1.8.2. Supported version: 1.9.0. Some features may not be parsed fully.
10:18:20.304 [FXGL Background Thread 5 ] DEBUG TMXLevelLoader       - Parsed TiledMap: file:/home/franz/Documents/Schule/3-Klasse/POS/DroidRampage/target/classes/assets/levels/TileStart.tmx
10:18:20.304 [FXGL Background Thread 5 ] DEBUG TMXLevelLoader       - Creating tile layer entities
10:18:20.305 [FXGL Background Thread 5 ] DEBUG TilesetLoader        - Loading view for layer Kachelebene 1
10:18:20.308 [FXGL Background Thread 5 ] DEBUG TilesetLoader        - Created buffer with size 1920.0x1088.0
10:18:20.438 [FXGL Background Thread 5 ] DEBUG TMXLevelLoader       - Creating object layer entities
10:18:20.446 [FXGL Background Thread 5 ] DEBUG GameWorld            - Clearing removable entities
10:18:20.446 [FXGL Background Thread 5 ] DEBUG GameWorld            - Setting level: com.almasb.fxgl.entity.level.Level@1397f96c
10:18:20.639 [FXGL Background Thread 5 ] INFO  FXGLApplication      - Game initialization took: 0.339 sec
10:18:20.647 [JavaFX Application Thread] DEBUG Input                - Clearing active input actions
10:18:20.656 [JavaFX Application Thread] DEBUG GameApplicationServi - Removing overlay from FXGLLoadingScene and adding to GameScene
10:18:20.657 [JavaFX Application Thread] DEBUG PrimaryStageWindow   - FXGLLoadingScene -> GameScene
10:18:20.974 [JavaFX Application Thread] DEBUG GameApplicationServi - Starting new game
10:18:20.975 [JavaFX Application Thread] DEBUG Input                - Clearing active input actions
10:18:20.980 [JavaFX Application Thread] DEBUG GameApplicationServi - Removing overlay from GameScene and adding to FXGLLoadingScene
10:18:20.981 [JavaFX Application Thread] DEBUG PrimaryStageWindow   - GameScene -> FXGLLoadingScene
10:18:20.981 [JavaFX Application Thread] DEBUG GameApplicationServi - Clearing previous game
10:18:20.981 [JavaFX Application Thread] DEBUG GameScene            - Clearing game scene
10:18:20.981 [JavaFX Application Thread] DEBUG GameWorld            - Clearing game world
10:18:20.982 [JavaFX Application Thread] DEBUG PhysicsWorld         - Clearing physics world
10:18:20.982 [FXGL Background Thread 5 ] DEBUG FXGLApplication      - Initializing game
10:18:20.984 [FXGL Background Thread 5 ] WARN  TMXLevelLoader       - TiledMap generated from 1.8.2. Supported version: 1.9.0. Some features may not be parsed fully.
10:18:20.987 [FXGL Background Thread 5 ] DEBUG TMXLevelLoader       - Parsed TiledMap: file:/home/franz/Documents/Schule/3-Klasse/POS/DroidRampage/target/classes/assets/levels/TileStart.tmx
10:18:20.987 [FXGL Background Thread 5 ] DEBUG TMXLevelLoader       - Creating tile layer entities
10:18:20.987 [FXGL Background Thread 5 ] DEBUG TilesetLoader        - Loading view for layer Kachelebene 1
10:18:20.989 [FXGL Background Thread 5 ] DEBUG TilesetLoader        - Created buffer with size 1920.0x1088.0
10:18:21.132 [FXGL Background Thread 5 ] DEBUG TMXLevelLoader       - Creating object layer entities
10:18:21.138 [FXGL Background Thread 5 ] DEBUG GameWorld            - Clearing removable entities
10:18:21.138 [FXGL Background Thread 5 ] DEBUG GameWorld            - Setting level: com.almasb.fxgl.entity.level.Level@5eb47334
10:18:21.313 [FXGL Background Thread 5 ] INFO  FXGLApplication      - Game initialization took: 0.330 sec
10:18:21.313 [JavaFX Application Thread] DEBUG Input                - Clearing active input actions
10:18:21.320 [JavaFX Application Thread] DEBUG GameApplicationServi - Removing overlay from FXGLLoadingScene and adding to GameScene
10:18:21.320 [JavaFX Application Thread] DEBUG PrimaryStageWindow   - FXGLLoadingScene -> GameScene
10:18:21.681 [JavaFX Application Thread] DEBUG GameApplicationServi - Starting new game
10:18:21.681 [JavaFX Application Thread] DEBUG Input                - Clearing active input actions
10:18:21.689 [JavaFX Application Thread] DEBUG GameApplicationServi - Removing overlay from GameScene and adding to FXGLLoadingScene
10:18:21.689 [JavaFX Application Thread] DEBUG PrimaryStageWindow   - GameScene -> FXGLLoadingScene
10:18:21.689 [JavaFX Application Thread] DEBUG GameApplicationServi - Clearing previous game
10:18:21.689 [JavaFX Application Thread] DEBUG GameScene            - Clearing game scene
10:18:21.689 [JavaFX Application Thread] DEBUG GameWorld            - Clearing game world
10:18:21.691 [JavaFX Application Thread] DEBUG PhysicsWorld         - Clearing physics world
10:18:21.692 [FXGL Background Thread 5 ] DEBUG FXGLApplication      - Initializing game
10:18:21.693 [FXGL Background Thread 5 ] WARN  TMXLevelLoader       - TiledMap generated from 1.8.2. Supported version: 1.9.0. Some features may not be parsed fully.
10:18:21.696 [FXGL Background Thread 5 ] DEBUG TMXLevelLoader       - Parsed TiledMap: file:/home/franz/Documents/Schule/3-Klasse/POS/DroidRampage/target/classes/assets/levels/TileStart.tmx
10:18:21.696 [FXGL Background Thread 5 ] DEBUG TMXLevelLoader       - Creating tile layer entities
10:18:21.696 [FXGL Background Thread 5 ] DEBUG TilesetLoader        - Loading view for layer Kachelebene 1
10:18:21.698 [FXGL Background Thread 5 ] DEBUG TilesetLoader        - Created buffer with size 1920.0x1088.0
10:18:21.824 [FXGL Background Thread 5 ] DEBUG TMXLevelLoader       - Creating object layer entities
10:18:21.828 [FXGL Background Thread 5 ] DEBUG GameWorld            - Clearing removable entities
10:18:21.828 [FXGL Background Thread 5 ] DEBUG GameWorld            - Setting level: com.almasb.fxgl.entity.level.Level@559fe8aa
10:18:21.993 [FXGL Background Thread 5 ] INFO  FXGLApplication      - Game initialization took: 0.301 sec
10:18:21.995 [JavaFX Application Thread] DEBUG Input                - Clearing active input actions
10:18:22.005 [JavaFX Application Thread] DEBUG GameApplicationServi - Removing overlay from FXGLLoadingScene and adding to GameScene
10:18:22.006 [JavaFX Application Thread] DEBUG PrimaryStageWindow   - FXGLLoadingScene -> GameScene
10:18:22.383 [JavaFX Application Thread] DEBUG GameApplicationServi - Starting new game
10:18:22.383 [JavaFX Application Thread] DEBUG Input                - Clearing active input actions
10:18:22.392 [JavaFX Application Thread] DEBUG GameApplicationServi - Removing overlay from GameScene and adding to FXGLLoadingScene
10:18:22.392 [JavaFX Application Thread] DEBUG PrimaryStageWindow   - GameScene -> FXGLLoadingScene
10:18:22.392 [JavaFX Application Thread] DEBUG GameApplicationServi - Clearing previous game
10:18:22.392 [JavaFX Application Thread] DEBUG GameScene            - Clearing game scene
10:18:22.392 [JavaFX Application Thread] DEBUG GameWorld            - Clearing game world
10:18:22.394 [JavaFX Application Thread] DEBUG PhysicsWorld         - Clearing physics world
10:18:22.394 [FXGL Background Thread 5 ] DEBUG FXGLApplication      - Initializing game
10:18:22.396 [FXGL Background Thread 5 ] WARN  TMXLevelLoader       - TiledMap generated from 1.8.2. Supported version: 1.9.0. Some features may not be parsed fully.
10:18:22.401 [FXGL Background Thread 5 ] DEBUG TMXLevelLoader       - Parsed TiledMap: file:/home/franz/Documents/Schule/3-Klasse/POS/DroidRampage/target/classes/assets/levels/TileStart.tmx
10:18:22.401 [FXGL Background Thread 5 ] DEBUG TMXLevelLoader       - Creating tile layer entities
10:18:22.401 [FXGL Background Thread 5 ] DEBUG TilesetLoader        - Loading view for layer Kachelebene 1
10:18:22.411 [FXGL Background Thread 5 ] DEBUG TilesetLoader        - Created buffer with size 1920.0x1088.0
10:18:22.551 [FXGL Background Thread 5 ] DEBUG TMXLevelLoader       - Creating object layer entities
10:18:22.557 [FXGL Background Thread 5 ] DEBUG GameWorld            - Clearing removable entities
10:18:22.558 [FXGL Background Thread 5 ] DEBUG GameWorld            - Setting level: com.almasb.fxgl.entity.level.Level@2d82b5e1
10:18:22.749 [FXGL Background Thread 5 ] INFO  FXGLApplication      - Game initialization took: 0.355 sec
10:18:22.760 [JavaFX Application Thread] DEBUG Input                - Clearing active input actions
10:18:22.768 [JavaFX Application Thread] DEBUG GameApplicationServi - Removing overlay from FXGLLoadingScene and adding to GameScene
10:18:22.768 [JavaFX Application Thread] DEBUG PrimaryStageWindow   - FXGLLoadingScene -> GameScene
10:18:23.207 [JavaFX Application Thread] DEBUG GameApplicationServi - Starting new game
10:18:23.207 [JavaFX Application Thread] DEBUG Input                - Clearing active input actions
10:18:23.212 [JavaFX Application Thread] DEBUG GameApplicationServi - Removing overlay from GameScene and adding to FXGLLoadingScene
10:18:23.212 [JavaFX Application Thread] DEBUG PrimaryStageWindow   - GameScene -> FXGLLoadingScene
10:18:23.212 [JavaFX Application Thread] DEBUG GameApplicationServi - Clearing previous game
10:18:23.212 [JavaFX Application Thread] DEBUG GameScene            - Clearing game scene
10:18:23.212 [JavaFX Application Thread] DEBUG GameWorld            - Clearing game world
10:18:23.213 [JavaFX Application Thread] DEBUG PhysicsWorld         - Clearing physics world
10:18:23.214 [FXGL Background Thread 5 ] DEBUG FXGLApplication      - Initializing game
10:18:23.215 [FXGL Background Thread 5 ] WARN  TMXLevelLoader       - TiledMap generated from 1.8.2. Supported version: 1.9.0. Some features may not be parsed fully.
10:18:23.217 [FXGL Background Thread 5 ] DEBUG TMXLevelLoader       - Parsed TiledMap: file:/home/franz/Documents/Schule/3-Klasse/POS/DroidRampage/target/classes/assets/levels/TileStart.tmx
10:18:23.217 [FXGL Background Thread 5 ] DEBUG TMXLevelLoader       - Creating tile layer entities
10:18:23.218 [FXGL Background Thread 5 ] DEBUG TilesetLoader        - Loading view for layer Kachelebene 1
10:18:23.226 [FXGL Background Thread 5 ] DEBUG TilesetLoader        - Created buffer with size 1920.0x1088.0
10:18:23.355 [FXGL Background Thread 5 ] DEBUG TMXLevelLoader       - Creating object layer entities
10:18:23.361 [FXGL Background Thread 5 ] DEBUG GameWorld            - Clearing removable entities
10:18:23.361 [FXGL Background Thread 5 ] DEBUG GameWorld            - Setting level: com.almasb.fxgl.entity.level.Level@7383e467
10:18:23.570 [FXGL Background Thread 5 ] INFO  FXGLApplication      - Game initialization took: 0.356 sec
10:18:23.579 [JavaFX Application Thread] DEBUG Input                - Clearing active input actions
10:18:23.587 [JavaFX Application Thread] DEBUG GameApplicationServi - Removing overlay from FXGLLoadingScene and adding to GameScene
10:18:23.587 [JavaFX Application Thread] DEBUG PrimaryStageWindow   - FXGLLoadingScene -> GameScene
10:18:28.044 [JavaFX Application Thread] DEBUG GameApplicationServi - Starting new game
10:18:28.044 [JavaFX Application Thread] DEBUG Input                - Clearing active input actions
10:18:28.050 [JavaFX Application Thread] DEBUG GameApplicationServi - Removing overlay from GameScene and adding to FXGLLoadingScene
10:18:28.050 [JavaFX Application Thread] DEBUG PrimaryStageWindow   - GameScene -> FXGLLoadingScene
10:18:28.050 [JavaFX Application Thread] DEBUG GameApplicationServi - Clearing previous game
10:18:28.050 [JavaFX Application Thread] DEBUG GameScene            - Clearing game scene
10:18:28.050 [JavaFX Application Thread] DEBUG GameWorld            - Clearing game world
10:18:28.052 [JavaFX Application Thread] DEBUG PhysicsWorld         - Clearing physics world
10:18:28.052 [FXGL Background Thread 5 ] DEBUG FXGLApplication      - Initializing game
10:18:28.054 [FXGL Background Thread 5 ] WARN  TMXLevelLoader       - TiledMap generated from 1.8.2. Supported version: 1.9.0. Some features may not be parsed fully.
10:18:28.056 [FXGL Background Thread 5 ] DEBUG TMXLevelLoader       - Parsed TiledMap: file:/home/franz/Documents/Schule/3-Klasse/POS/DroidRampage/target/classes/assets/levels/TileStart.tmx
10:18:28.056 [FXGL Background Thread 5 ] DEBUG TMXLevelLoader       - Creating tile layer entities
10:18:28.057 [FXGL Background Thread 5 ] DEBUG TilesetLoader        - Loading view for layer Kachelebene 1
10:18:28.063 [FXGL Background Thread 5 ] DEBUG TilesetLoader        - Created buffer with size 1920.0x1088.0
10:18:28.185 [FXGL Background Thread 5 ] DEBUG TMXLevelLoader       - Creating object layer entities
10:18:28.189 [FXGL Background Thread 5 ] DEBUG GameWorld            - Clearing removable entities
10:18:28.189 [FXGL Background Thread 5 ] DEBUG GameWorld            - Setting level: com.almasb.fxgl.entity.level.Level@5f6a3842
10:18:28.340 [FXGL Background Thread 5 ] INFO  FXGLApplication      - Game initialization took: 0.287 sec
10:18:28.341 [JavaFX Application Thread] DEBUG Input                - Clearing active input actions
10:18:28.348 [JavaFX Application Thread] DEBUG GameApplicationServi - Removing overlay from FXGLLoadingScene and adding to GameScene
10:18:28.348 [JavaFX Application Thread] DEBUG PrimaryStageWindow   - FXGLLoadingScene -> GameScene
10:18:28.760 [JavaFX Application Thread] DEBUG GameApplicationServi - Starting new game
10:18:28.760 [JavaFX Application Thread] DEBUG Input                - Clearing active input actions
10:18:28.766 [JavaFX Application Thread] DEBUG GameApplicationServi - Removing overlay from GameScene and adding to FXGLLoadingScene
10:18:28.767 [JavaFX Application Thread] DEBUG PrimaryStageWindow   - GameScene -> FXGLLoadingScene
10:18:28.767 [JavaFX Application Thread] DEBUG GameApplicationServi - Clearing previous game
10:18:28.767 [JavaFX Application Thread] DEBUG GameScene            - Clearing game scene
10:18:28.767 [JavaFX Application Thread] DEBUG GameWorld            - Clearing game world
10:18:28.768 [JavaFX Application Thread] DEBUG PhysicsWorld         - Clearing physics world
10:18:28.768 [FXGL Background Thread 5 ] DEBUG FXGLApplication      - Initializing game
10:18:28.770 [FXGL Background Thread 5 ] WARN  TMXLevelLoader       - TiledMap generated from 1.8.2. Supported version: 1.9.0. Some features may not be parsed fully.
10:18:28.774 [FXGL Background Thread 5 ] DEBUG TMXLevelLoader       - Parsed TiledMap: file:/home/franz/Documents/Schule/3-Klasse/POS/DroidRampage/target/classes/assets/levels/TileStart.tmx
10:18:28.774 [FXGL Background Thread 5 ] DEBUG TMXLevelLoader       - Creating tile layer entities
10:18:28.774 [FXGL Background Thread 5 ] DEBUG TilesetLoader        - Loading view for layer Kachelebene 1
10:18:28.785 [FXGL Background Thread 5 ] DEBUG TilesetLoader        - Created buffer with size 1920.0x1088.0
10:18:28.931 [FXGL Background Thread 5 ] DEBUG TMXLevelLoader       - Creating object layer entities
10:18:28.939 [FXGL Background Thread 5 ] DEBUG GameWorld            - Clearing removable entities
10:18:28.939 [FXGL Background Thread 5 ] DEBUG GameWorld            - Setting level: com.almasb.fxgl.entity.level.Level@505ad9b4
10:18:29.141 [FXGL Background Thread 5 ] INFO  FXGLApplication      - Game initialization took: 0.372 sec
10:18:29.148 [JavaFX Application Thread] DEBUG Input                - Clearing active input actions
10:18:29.154 [JavaFX Application Thread] DEBUG GameApplicationServi - Removing overlay from FXGLLoadingScene and adding to GameScene
10:18:29.155 [JavaFX Application Thread] DEBUG PrimaryStageWindow   - FXGLLoadingScene -> GameScene
10:18:29.476 [JavaFX Application Thread] DEBUG GameApplicationServi - Starting new game
10:18:29.477 [JavaFX Application Thread] DEBUG Input                - Clearing active input actions
10:18:29.484 [JavaFX Application Thread] DEBUG GameApplicationServi - Removing overlay from GameScene and adding to FXGLLoadingScene
10:18:29.484 [JavaFX Application Thread] DEBUG PrimaryStageWindow   - GameScene -> FXGLLoadingScene
10:18:29.484 [JavaFX Application Thread] DEBUG GameApplicationServi - Clearing previous game
10:18:29.484 [JavaFX Application Thread] DEBUG GameScene            - Clearing game scene
10:18:29.484 [JavaFX Application Thread] DEBUG GameWorld            - Clearing game world
10:18:29.486 [JavaFX Application Thread] DEBUG PhysicsWorld         - Clearing physics world
10:18:29.486 [FXGL Background Thread 5 ] DEBUG FXGLApplication      - Initializing game
10:18:29.488 [FXGL Background Thread 5 ] WARN  TMXLevelLoader       - TiledMap generated from 1.8.2. Supported version: 1.9.0. Some features may not be parsed fully.
10:18:29.490 [FXGL Background Thread 5 ] DEBUG TMXLevelLoader       - Parsed TiledMap: file:/home/franz/Documents/Schule/3-Klasse/POS/DroidRampage/target/classes/assets/levels/TileStart.tmx
10:18:29.490 [FXGL Background Thread 5 ] DEBUG TMXLevelLoader       - Creating tile layer entities
10:18:29.490 [FXGL Background Thread 5 ] DEBUG TilesetLoader        - Loading view for layer Kachelebene 1
10:18:29.492 [FXGL Background Thread 5 ] DEBUG TilesetLoader        - Created buffer with size 1920.0x1088.0
10:18:29.620 [FXGL Background Thread 5 ] DEBUG TMXLevelLoader       - Creating object layer entities
10:18:29.624 [FXGL Background Thread 5 ] DEBUG GameWorld            - Clearing removable entities
10:18:29.625 [FXGL Background Thread 5 ] DEBUG GameWorld            - Setting level: com.almasb.fxgl.entity.level.Level@22cee1ea
10:18:29.788 [FXGL Background Thread 5 ] INFO  FXGLApplication      - Game initialization took: 0.302 sec
10:18:29.796 [JavaFX Application Thread] DEBUG Input                - Clearing active input actions
10:18:29.801 [JavaFX Application Thread] DEBUG GameApplicationServi - Removing overlay from FXGLLoadingScene and adding to GameScene
10:18:29.801 [JavaFX Application Thread] DEBUG PrimaryStageWindow   - FXGLLoadingScene -> GameScene
10:18:30.009 [JavaFX Application Thread] DEBUG GameApplicationServi - Starting new game
10:18:30.009 [JavaFX Application Thread] DEBUG Input                - Clearing active input actions
10:18:30.018 [JavaFX Application Thread] DEBUG GameApplicationServi - Removing overlay from GameScene and adding to FXGLLoadingScene
10:18:30.018 [JavaFX Application Thread] DEBUG PrimaryStageWindow   - GameScene -> FXGLLoadingScene
10:18:30.018 [JavaFX Application Thread] DEBUG GameApplicationServi - Clearing previous game
10:18:30.018 [JavaFX Application Thread] DEBUG GameScene            - Clearing game scene
10:18:30.018 [JavaFX Application Thread] DEBUG GameWorld            - Clearing game world
10:18:30.020 [JavaFX Application Thread] DEBUG PhysicsWorld         - Clearing physics world
10:18:30.020 [FXGL Background Thread 5 ] DEBUG FXGLApplication      - Initializing game
10:18:30.022 [FXGL Background Thread 5 ] WARN  TMXLevelLoader       - TiledMap generated from 1.8.2. Supported version: 1.9.0. Some features may not be parsed fully.
10:18:30.024 [FXGL Background Thread 5 ] DEBUG TMXLevelLoader       - Parsed TiledMap: file:/home/franz/Documents/Schule/3-Klasse/POS/DroidRampage/target/classes/assets/levels/TileStart.tmx
10:18:30.024 [FXGL Background Thread 5 ] DEBUG TMXLevelLoader       - Creating tile layer entities
10:18:30.024 [FXGL Background Thread 5 ] DEBUG TilesetLoader        - Loading view for layer Kachelebene 1
10:18:30.025 [FXGL Background Thread 5 ] DEBUG TilesetLoader        - Created buffer with size 1920.0x1088.0
10:18:30.169 [FXGL Background Thread 5 ] DEBUG TMXLevelLoader       - Creating object layer entities
10:18:30.172 [FXGL Background Thread 5 ] DEBUG GameWorld            - Clearing removable entities
10:18:30.172 [FXGL Background Thread 5 ] DEBUG GameWorld            - Setting level: com.almasb.fxgl.entity.level.Level@752f3e7c
10:18:30.361 [FXGL Background Thread 5 ] INFO  FXGLApplication      - Game initialization took: 0.340 sec
10:18:30.363 [JavaFX Application Thread] DEBUG Input                - Clearing active input actions
10:18:30.369 [JavaFX Application Thread] DEBUG GameApplicationServi - Removing overlay from FXGLLoadingScene and adding to GameScene
10:18:30.370 [JavaFX Application Thread] DEBUG PrimaryStageWindow   - FXGLLoadingScene -> GameScene
10:18:30.423 [JavaFX Application Thread] DEBUG GameApplicationServi - Starting new game
10:18:30.423 [JavaFX Application Thread] DEBUG Input                - Clearing active input actions
10:18:30.433 [JavaFX Application Thread] DEBUG GameApplicationServi - Removing overlay from GameScene and adding to FXGLLoadingScene
10:18:30.433 [JavaFX Application Thread] DEBUG PrimaryStageWindow   - GameScene -> FXGLLoadingScene
10:18:30.433 [JavaFX Application Thread] DEBUG GameApplicationServi - Clearing previous game
10:18:30.433 [JavaFX Application Thread] DEBUG GameScene            - Clearing game scene
10:18:30.433 [JavaFX Application Thread] DEBUG GameWorld            - Clearing game world
10:18:30.435 [JavaFX Application Thread] DEBUG PhysicsWorld         - Clearing physics world
10:18:30.436 [FXGL Background Thread 5 ] DEBUG FXGLApplication      - Initializing game
10:18:30.439 [FXGL Background Thread 5 ] WARN  TMXLevelLoader       - TiledMap generated from 1.8.2. Supported version: 1.9.0. Some features may not be parsed fully.
10:18:30.441 [FXGL Background Thread 5 ] DEBUG TMXLevelLoader       - Parsed TiledMap: file:/home/franz/Documents/Schule/3-Klasse/POS/DroidRampage/target/classes/assets/levels/TileStart.tmx
10:18:30.442 [FXGL Background Thread 5 ] DEBUG TMXLevelLoader       - Creating tile layer entities
10:18:30.442 [FXGL Background Thread 5 ] DEBUG TilesetLoader        - Loading view for layer Kachelebene 1
10:18:30.452 [FXGL Background Thread 5 ] DEBUG TilesetLoader        - Created buffer with size 1920.0x1088.0
10:18:30.586 [FXGL Background Thread 5 ] DEBUG TMXLevelLoader       - Creating object layer entities
10:18:30.592 [FXGL Background Thread 5 ] DEBUG GameWorld            - Clearing removable entities
10:18:30.592 [FXGL Background Thread 5 ] DEBUG GameWorld            - Setting level: com.almasb.fxgl.entity.level.Level@460ee6bc
10:18:30.745 [FXGL Background Thread 5 ] INFO  FXGLApplication      - Game initialization took: 0.308 sec
10:18:30.746 [JavaFX Application Thread] DEBUG Input                - Clearing active input actions
10:18:30.753 [JavaFX Application Thread] DEBUG GameApplicationServi - Removing overlay from FXGLLoadingScene and adding to GameScene
10:18:30.753 [JavaFX Application Thread] DEBUG PrimaryStageWindow   - FXGLLoadingScene -> GameScene
10:18:30.851 [JavaFX Application Thread] DEBUG GameApplicationServi - Starting new game
10:18:30.851 [JavaFX Application Thread] DEBUG Input                - Clearing active input actions
10:18:30.858 [JavaFX Application Thread] DEBUG GameApplicationServi - Removing overlay from GameScene and adding to FXGLLoadingScene
10:18:30.858 [JavaFX Application Thread] DEBUG PrimaryStageWindow   - GameScene -> FXGLLoadingScene
10:18:30.858 [JavaFX Application Thread] DEBUG GameApplicationServi - Clearing previous game
10:18:30.858 [JavaFX Application Thread] DEBUG GameScene            - Clearing game scene
10:18:30.859 [JavaFX Application Thread] DEBUG GameWorld            - Clearing game world
10:18:30.860 [JavaFX Application Thread] DEBUG PhysicsWorld         - Clearing physics world
10:18:30.861 [FXGL Background Thread 5 ] DEBUG FXGLApplication      - Initializing game
10:18:30.864 [FXGL Background Thread 5 ] WARN  TMXLevelLoader       - TiledMap generated from 1.8.2. Supported version: 1.9.0. Some features may not be parsed fully.
10:18:30.866 [FXGL Background Thread 5 ] DEBUG TMXLevelLoader       - Parsed TiledMap: file:/home/franz/Documents/Schule/3-Klasse/POS/DroidRampage/target/classes/assets/levels/TileStart.tmx
10:18:30.866 [FXGL Background Thread 5 ] DEBUG TMXLevelLoader       - Creating tile layer entities
10:18:30.866 [FXGL Background Thread 5 ] DEBUG TilesetLoader        - Loading view for layer Kachelebene 1
10:18:30.875 [FXGL Background Thread 5 ] DEBUG TilesetLoader        - Created buffer with size 1920.0x1088.0
10:18:31.017 [FXGL Background Thread 5 ] DEBUG TMXLevelLoader       - Creating object layer entities
10:18:31.021 [FXGL Background Thread 5 ] DEBUG GameWorld            - Clearing removable entities
10:18:31.021 [FXGL Background Thread 5 ] DEBUG GameWorld            - Setting level: com.almasb.fxgl.entity.level.Level@11f24b3f
10:18:31.280 [FXGL Background Thread 5 ] INFO  FXGLApplication      - Game initialization took: 0.419 sec
10:18:31.281 [JavaFX Application Thread] DEBUG Input                - Clearing active input actions
10:18:31.287 [JavaFX Application Thread] DEBUG GameApplicationServi - Removing overlay from FXGLLoadingScene and adding to GameScene
10:18:31.287 [JavaFX Application Thread] DEBUG PrimaryStageWindow   - FXGLLoadingScene -> GameScene
10:18:31.389 [JavaFX Application Thread] DEBUG GameApplicationServi - Starting new game
10:18:31.390 [JavaFX Application Thread] DEBUG Input                - Clearing active input actions
10:18:31.395 [JavaFX Application Thread] DEBUG GameApplicationServi - Removing overlay from GameScene and adding to FXGLLoadingScene
10:18:31.395 [JavaFX Application Thread] DEBUG PrimaryStageWindow   - GameScene -> FXGLLoadingScene
10:18:31.395 [JavaFX Application Thread] DEBUG GameApplicationServi - Clearing previous game
10:18:31.395 [JavaFX Application Thread] DEBUG GameScene            - Clearing game scene
10:18:31.395 [JavaFX Application Thread] DEBUG GameWorld            - Clearing game world
10:18:31.396 [JavaFX Application Thread] DEBUG PhysicsWorld         - Clearing physics world
10:18:31.397 [FXGL Background Thread 5 ] DEBUG FXGLApplication      - Initializing game
10:18:31.399 [FXGL Background Thread 5 ] WARN  TMXLevelLoader       - TiledMap generated from 1.8.2. Supported version: 1.9.0. Some features may not be parsed fully.
10:18:31.401 [FXGL Background Thread 5 ] DEBUG TMXLevelLoader       - Parsed TiledMap: file:/home/franz/Documents/Schule/3-Klasse/POS/DroidRampage/target/classes/assets/levels/TileStart.tmx
10:18:31.401 [FXGL Background Thread 5 ] DEBUG TMXLevelLoader       - Creating tile layer entities
10:18:31.401 [FXGL Background Thread 5 ] DEBUG TilesetLoader        - Loading view for layer Kachelebene 1
10:18:31.409 [FXGL Background Thread 5 ] DEBUG TilesetLoader        - Created buffer with size 1920.0x1088.0
10:18:31.542 [FXGL Background Thread 5 ] DEBUG TMXLevelLoader       - Creating object layer entities
10:18:31.546 [FXGL Background Thread 5 ] DEBUG GameWorld            - Clearing removable entities
10:18:31.546 [FXGL Background Thread 5 ] DEBUG GameWorld            - Setting level: com.almasb.fxgl.entity.level.Level@2686cb9
10:18:31.701 [FXGL Background Thread 5 ] INFO  FXGLApplication      - Game initialization took: 0.304 sec
10:18:31.705 [JavaFX Application Thread] DEBUG Input                - Clearing active input actions
10:18:31.713 [JavaFX Application Thread] DEBUG GameApplicationServi - Removing overlay from FXGLLoadingScene and adding to GameScene
10:18:31.713 [JavaFX Application Thread] DEBUG PrimaryStageWindow   - FXGLLoadingScene -> GameScene
10:18:31.772 [JavaFX Application Thread] DEBUG GameApplicationServi - Starting new game
10:18:31.772 [JavaFX Application Thread] DEBUG Input                - Clearing active input actions
10:18:31.781 [JavaFX Application Thread] DEBUG GameApplicationServi - Removing overlay from GameScene and adding to FXGLLoadingScene
10:18:31.781 [JavaFX Application Thread] DEBUG PrimaryStageWindow   - GameScene -> FXGLLoadingScene
10:18:31.782 [JavaFX Application Thread] DEBUG GameApplicationServi - Clearing previous game
10:18:31.782 [JavaFX Application Thread] DEBUG GameScene            - Clearing game scene
10:18:31.782 [JavaFX Application Thread] DEBUG GameWorld            - Clearing game world
10:18:31.783 [JavaFX Application Thread] DEBUG PhysicsWorld         - Clearing physics world
10:18:31.784 [FXGL Background Thread 5 ] DEBUG FXGLApplication      - Initializing game
10:18:31.787 [FXGL Background Thread 5 ] WARN  TMXLevelLoader       - TiledMap generated from 1.8.2. Supported version: 1.9.0. Some features may not be parsed fully.
10:18:31.789 [FXGL Background Thread 5 ] DEBUG TMXLevelLoader       - Parsed TiledMap: file:/home/franz/Documents/Schule/3-Klasse/POS/DroidRampage/target/classes/assets/levels/TileStart.tmx
10:18:31.789 [FXGL Background Thread 5 ] DEBUG TMXLevelLoader       - Creating tile layer entities
10:18:31.790 [FXGL Background Thread 5 ] DEBUG TilesetLoader        - Loading view for layer Kachelebene 1
10:18:31.799 [FXGL Background Thread 5 ] DEBUG TilesetLoader        - Created buffer with size 1920.0x1088.0
10:18:31.934 [FXGL Background Thread 5 ] DEBUG TMXLevelLoader       - Creating object layer entities
10:18:31.938 [FXGL Background Thread 5 ] DEBUG GameWorld            - Clearing removable entities
10:18:31.938 [FXGL Background Thread 5 ] DEBUG GameWorld            - Setting level: com.almasb.fxgl.entity.level.Level@28a4dd47
10:18:32.120 [FXGL Background Thread 5 ] INFO  FXGLApplication      - Game initialization took: 0.336 sec
10:18:32.120 [JavaFX Application Thread] DEBUG Input                - Clearing active input actions
10:18:32.127 [JavaFX Application Thread] DEBUG GameApplicationServi - Removing overlay from FXGLLoadingScene and adding to GameScene
10:18:32.127 [JavaFX Application Thread] DEBUG PrimaryStageWindow   - FXGLLoadingScene -> GameScene
10:18:34.973 [JavaFX Application Thread] DEBUG PrimaryStageWindow   - Push state: FXGLDefaultMenu
10:18:34.985 [JavaFX Application Thread] DEBUG Input                - Clearing active input actions
10:18:34.996 [JavaFX Application Thread] DEBUG GameApplicationServi - Removing overlay from GameScene and adding to FXGLDefaultMenu
10:18:34.996 [JavaFX Application Thread] DEBUG PrimaryStageWindow   - GameScene -> FXGLDefaultMenu
10:18:38.148 [JavaFX Application Thread] DEBUG Menu                 - fireExit()
10:18:38.156 [JavaFX Application Thread] DEBUG PrimaryStageWindow   - Push state: DialogSubScene
10:18:38.157 [JavaFX Application Thread] DEBUG Input                - Clearing active input actions
10:18:38.158 [JavaFX Application Thread] DEBUG GameApplicationServi - Removing overlay from FXGLDefaultMenu and adding to DialogSubScene
10:18:38.158 [JavaFX Application Thread] DEBUG PrimaryStageWindow   - FXGLDefaultMenu -> DialogSubScene
10:18:39.522 [JavaFX Application Thread] DEBUG PrimaryStageWindow   - Pop state: DialogSubScene
10:18:39.522 [JavaFX Application Thread] DEBUG Input                - Clearing active input actions
10:18:39.523 [JavaFX Application Thread] DEBUG GameApplicationServi - Removing overlay from DialogSubScene and adding to FXGLDefaultMenu
10:18:39.523 [JavaFX Application Thread] DEBUG PrimaryStageWindow   - FXGLDefaultMenu <- DialogSubScene
10:18:39.523 [JavaFX Application Thread] DEBUG FXGLApplication      - Exiting FXGL
10:18:39.523 [JavaFX Application Thread] DEBUG LoopRunner           - Stopping loop
10:18:39.523 [JavaFX Application Thread] DEBUG SystemBundleService  - Saving FXGL system data
10:18:39.527 [JavaFX Application Thread] DEBUG FileSystemAccess     - Writing to: /home/franz/Documents/Schule/3-Klasse/POS/DroidRampage/system/fxgl.bundle
10:18:39.528 [JavaFX Application Thread] DEBUG Async                - Shutting down background threads
10:18:39.528 [JavaFX Application Thread] DEBUG PrimaryStageWindow   - Closing main window
10:18:39.531 [JavaFX Application Thread] DEBUG Logger               - Closing Logger
